Scientific name,id,id_intl,Author,Phyllum,Embranchement,Sous-Embranchement,Classe,Sous-Classe,Infra-classe,Order,Sous-Ordre,Infra-Ordre,Super-Famille,Family,Sub family,Genus,Species,Sub species,English name,French name,Malagasy name,Comoros name
Microcebus murinus,1,,"(J.F. Miller, 1777)",ANIMALIA,CHORDATA,VERTEBRATA,MAMMALIA,THERIA,EUTHERIA,PRIMATES,Strepsirrhini ,Lemuriformes,,CHEIROGALEIDAE,,Microcebus, murinus,,Gray mouse lemur,Cheirogale mignon,Tsidy (nord),
Microcebus murinus,1,,"(J.F. Miller, 1777)",ANIMALIA,CHORDATA,VERTEBRATA,MAMMALIA,THERIA,EUTHERIA,PRIMATES,Strepsirrhini ,Lemuriformes,,CHEIROGALEIDAE,,Microcebus, murinus,,Lesser mouse lemur,Cheirogale nain,Koitsiky,
Microcebus murinus,1,,"(J.F. Miller, 1777)",ANIMALIA,CHORDATA,VERTEBRATA,MAMMALIA,THERIA,EUTHERIA,PRIMATES,Strepsirrhini ,Lemuriformes,,CHEIROGALEIDAE,,Microcebus, murinus,,,Microcèbe murin,Tilivaha,
Microcebus murinus,1,,"(J.F. Miller, 1777)",ANIMALIA,CHORDATA,VERTEBRATA,MAMMALIA,THERIA,EUTHERIA,PRIMATES,Strepsirrhini ,Lemuriformes,,CHEIROGALEIDAE,,Microcebus, murinus,,,Petit microcèbe,Pondiky (Taolgnaro),
Microcebus griseorufus,2,,"Kollman, 1910",ANIMALIA,CHORDATA,VERTEBRATA,MAMMALIA,THERIA,EUTHERIA,PRIMATES,Strepsirrhini ,Lemuriformes,,CHEIROGALEIDAE,,Microcebus, griseorufus,,Gray-brown mouse lemur,Microcèbe gris-roux,Pondiky,
Microcebus griseorufus,2,,"Kollman, 1910",ANIMALIA,CHORDATA,VERTEBRATA,MAMMALIA,THERIA,EUTHERIA,PRIMATES,Strepsirrhini ,Lemuriformes,,CHEIROGALEIDAE,,Microcebus, griseorufus,,Reddish-gray mouse lemur,,Tsidy,
Microcebus griseorufus,2,,"Kollman, 1910",ANIMALIA,CHORDATA,VERTEBRATA,MAMMALIA,THERIA,EUTHERIA,PRIMATES,Strepsirrhini ,Lemuriformes,,CHEIROGALEIDAE,,Microcebus, griseorufus,,Rufous-gray mouse lemur,,,
Microcebus berthae,3,,"Rasoloarison et al., 2000",ANIMALIA,CHORDATA,VERTEBRATA,MAMMALIA,THERIA,EUTHERIA,PRIMATES,Strepsirrhini ,Lemuriformes,,CHEIROGALEIDAE,,Microcebus, berthae,,Madame Berthe's mouse lemur,Microcèbe de Madame Berthe,Tsidy bitika an'i Berthe,
Microcebus berthae,3,,"Rasoloarison et al., 2000",ANIMALIA,CHORDATA,VERTEBRATA,MAMMALIA,THERIA,EUTHERIA,PRIMATES,Strepsirrhini ,Lemuriformes,,CHEIROGALEIDAE,,Microcebus, berthae,,Berthe's mouse lemur,,,
Microcebus myoxinus,4,,"Peters, 1852",ANIMALIA,CHORDATA,VERTEBRATA,MAMMALIA,THERIA,EUTHERIA,PRIMATES,Strepsirrhini ,Lemuriformes,,CHEIROGALEIDAE,,Microcebus, myoxinus,,Peter's mouse lemur,Microcèbe de Peters,Tsidy,
Microcebus myoxinus,4,,"Peters, 1852",ANIMALIA,CHORDATA,VERTEBRATA,MAMMALIA,THERIA,EUTHERIA,PRIMATES,Strepsirrhini ,Lemuriformes,,CHEIROGALEIDAE,,Microcebus, myoxinus,,Pygmy mouse lemur,Microcèbe pygmée,Malajira,
Microcebus myoxinus,4,,"Peters, 1852",ANIMALIA,CHORDATA,VERTEBRATA,MAMMALIA,THERIA,EUTHERIA,PRIMATES,Strepsirrhini ,Lemuriformes,,CHEIROGALEIDAE,,Microcebus, myoxinus,,Dormouse lemur,,,
Microcebus ravelobensis,5,,"Zimmermann et al., 1997",ANIMALIA,CHORDATA,VERTEBRATA,MAMMALIA,THERIA,EUTHERIA,PRIMATES,Strepsirrhini ,Lemuriformes,,CHEIROGALEIDAE,,Microcebus,ravelobensis,,Golden-brown mouse lemur,Microcèbe doré,Tsidy,
Microcebus ravelobensis,5,,"Zimmermann et al., 1997",ANIMALIA,CHORDATA,VERTEBRATA,MAMMALIA,THERIA,EUTHERIA,PRIMATES,Strepsirrhini ,Lemuriformes,,CHEIROGALEIDAE,,Microcebus,ravelobensis,,Lac Ravelobe mouse lemur,,,
Microcebus bongolavensis,6,,"Olivieri et al., 2007",ANIMALIA,CHORDATA,VERTEBRATA,MAMMALIA,THERIA,EUTHERIA,PRIMATES,Strepsirrhini ,Lemuriformes,,CHEIROGALEIDAE,,Microcebus,bongolavensis,,Bongolava mouse lemur,Microcèbe du Bongolava,Tsidy,
Microcebus danfossi,7,,"Olivieri et al., 2007",ANIMALIA,CHORDATA,VERTEBRATA,MAMMALIA,THERIA,EUTHERIA,PRIMATES,Strepsirrhini ,Lemuriformes,,CHEIROGALEIDAE,,Microcebus, danfossi,,Ambarijeby mouse lemur,Microcèbe d'Ambarijeby,Tsidy
Microcebus danfossi,7,,"Olivieri et al., 2007",ANIMALIA,CHORDATA,VERTEBRATA,MAMMALIA,THERIA,EUTHERIA,PRIMATES,Strepsirrhini ,Lemuriformes,,CHEIROGALEIDAE,,Microcebus, danfossi,,Danfoss' mouse lemur,Microcèbe de Danfoss,
Microcebus margotmarshae,8,,"Louis et al., 2008",ANIMALIA,CHORDATA,VERTEBRATA,MAMMALIA,THERIA,EUTHERIA,PRIMATES,Strepsirrhini ,Lemuriformes,,CHEIROGALEIDAE,,Microcebus,margotmarshae,,Margot Marsh's mouse lemur,Microcèbe de Margot Marsh,Tsidy
Microcebus margotmarshae,8,,"Louis et al., 2008",ANIMALIA,CHORDATA,VERTEBRATA,MAMMALIA,THERIA,EUTHERIA,PRIMATES,Strepsirrhini ,Lemuriformes,,CHEIROGALEIDAE,,Microcebus,margotmarshae,,Antafondro mouse lemur,,
Microcebus sambiranensis,9,,"Rasoloarison et al., 2000",ANIMALIA,CHORDATA,VERTEBRATA,MAMMALIA,THERIA,EUTHERIA,PRIMATES,Strepsirrhini ,Lemuriformes,,CHEIROGALEIDAE,,Microcebus,sambiranensis,,Sambirano mouse lemur,Microcèbe du Sambirano,Tsidy
Microcebus sambiranensis,9,,"Rasoloarison et al., 2000",ANIMALIA,CHORDATA,VERTEBRATA,MAMMALIA,THERIA,EUTHERIA,PRIMATES,Strepsirrhini ,Lemuriformes,,CHEIROGALEIDAE,,Microcebus,sambiranensis,,,,Tsitsihy
Microcebus sambiranensis,9,,"Rasoloarison et al., 2000",ANIMALIA,CHORDATA,VERTEBRATA,MAMMALIA,THERIA,EUTHERIA,PRIMATES,Strepsirrhini ,Lemuriformes,,CHEIROGALEIDAE,,Microcebus,sambiranensis,,,,Vokimbahy
Microcebus mamiratra,10,,"Andriantompohavana et al., 2006",ANIMALIA,CHORDATA,VERTEBRATA,MAMMALIA,THERIA,EUTHERIA,PRIMATES,Strepsirrhini ,Lemuriformes,,CHEIROGALEIDAE,,Microcebus, mamiratra,,Nosy Be mouse lemur,Microcèbe de Nosy Be,Valovi (Lokobe)
Microcebus mamiratra,10,,"Andriantompohavana et al., 2006",ANIMALIA,CHORDATA,VERTEBRATA,MAMMALIA,THERIA,EUTHERIA,PRIMATES,Strepsirrhini ,Lemuriformes,,CHEIROGALEIDAE,,Microcebus, mamiratra,,Claire's mouse lemur,Microcèbe de Claire,
Microcebus tavaratra,11,,"Rasoloarison et al., 2000",ANIMALIA,CHORDATA,VERTEBRATA,MAMMALIA,THERIA,EUTHERIA,PRIMATES,Strepsirrhini ,Lemuriformes,,CHEIROGALEIDAE,,Microcebus,tavaratra,,Tavaratra mouse lemur,Microcèbe roux du nord,Tsidy
Microcebus tavaratra,11,,"Rasoloarison et al., 2000",ANIMALIA,CHORDATA,VERTEBRATA,MAMMALIA,THERIA,EUTHERIA,PRIMATES,Strepsirrhini ,Lemuriformes,,CHEIROGALEIDAE,,Microcebus,tavaratra,,Northern brown mouse lemur,,
Microcebus tavaratra,11,,"Rasoloarison et al., 2000",ANIMALIA,CHORDATA,VERTEBRATA,MAMMALIA,THERIA,EUTHERIA,PRIMATES,Strepsirrhini ,Lemuriformes,,CHEIROGALEIDAE,,Microcebus,tavaratra,,Northern rufous mouse lemur,,
Microcebus arnholdi,12,,"Louis et al., 2008",ANIMALIA,CHORDATA,VERTEBRATA,MAMMALIA,THERIA,EUTHERIA,PRIMATES,Strepsirrhini ,Lemuriformes,,CHEIROGALEIDAE,,Microcebus,arnholdi,,Montagne d'Ambre mouse lemur,Microcèbe de la Montagne d'Ambre,Tsidy
Microcebus arnholdi,12,,"Louis et al., 2008",ANIMALIA,CHORDATA,VERTEBRATA,MAMMALIA,THERIA,EUTHERIA,PRIMATES,Strepsirrhini ,Lemuriformes,,CHEIROGALEIDAE,,Microcebus,arnholdi,,Arnhold's mouse lemur,Microcèbe d'Arnhold,
Microcebus rufus,13,,"(Lesson, 1840)",ANIMALIA,CHORDATA,VERTEBRATA,MAMMALIA,THERIA,EUTHERIA,PRIMATES,Strepsirrhini ,Lemuriformes,,CHEIROGALEIDAE,,Microcebus, rufus,,Rufous mouse lemur,Microcèbe roux,Pondiky
Microcebus rufus,13,,"(Lesson, 1840)",ANIMALIA,CHORDATA,VERTEBRATA,MAMMALIA,THERIA,EUTHERIA,PRIMATES,Strepsirrhini ,Lemuriformes,,CHEIROGALEIDAE,,Microcebus, rufus,,Brown mouse lemur,,Antsidy mena
Microcebus rufus,13,,"(Lesson, 1840)",ANIMALIA,CHORDATA,VERTEBRATA,MAMMALIA,THERIA,EUTHERIA,PRIMATES,Strepsirrhini ,Lemuriformes,,CHEIROGALEIDAE,,Microcebus, rufus,,Eastern rufous mouse lemur,,Tsisy
Microcebus rufus,13,,"(Lesson, 1840)",ANIMALIA,CHORDATA,VERTEBRATA,MAMMALIA,THERIA,EUTHERIA,PRIMATES,Strepsirrhini ,Lemuriformes,,CHEIROGALEIDAE,,Microcebus, rufus,,,,Tsitsidy
Microcebus rufus,13,,"(Lesson, 1840)",ANIMALIA,CHORDATA,VERTEBRATA,MAMMALIA,THERIA,EUTHERIA,PRIMATES,Strepsirrhini ,Lemuriformes,,CHEIROGALEIDAE,,Microcebus, rufus,,,,Tsitsihy
Microcebus jollyae,14,,"Louis et al., 2006",ANIMALIA,CHORDATA,VERTEBRATA,MAMMALIA,THERIA,EUTHERIA,PRIMATES,Strepsirrhini ,Lemuriformes,,CHEIROGALEIDAE,,Microcebus, jollyae,,Jolly's mouse lemur,Microcèbe de Jolly,Tsidy an'i Jolly
Microcebus lehilahytsara,15,,"Roos and Kappeler, 2005 in Kappeler et al., 2005",ANIMALIA,CHORDATA,VERTEBRATA,MAMMALIA,THERIA,EUTHERIA,PRIMATES,Strepsirrhini ,Lemuriformes,,CHEIROGALEIDAE,,Microcebus, lehilahytsara,,Goodman's mouse lemur,Microcèbe de Goodman,Tsidy an'i Goodman
Microcebus simmonsi,16,,"Louis et al., 2006",ANIMALIA,CHORDATA,VERTEBRATA,MAMMALIA,THERIA,EUTHERIA,PRIMATES,Strepsirrhini ,Lemuriformes,,CHEIROGALEIDAE,,Microcebus,simmonsi,,Simmons' mouse lemur,Microcèbe de Simmons,Tsidy an'i Simmons
Microcebus macarthurii,17,,"Radespiel et al., 2008",ANIMALIA,CHORDATA,VERTEBRATA,MAMMALIA,THERIA,EUTHERIA,PRIMATES,Strepsirrhini ,Lemuriformes,,CHEIROGALEIDAE,,Microcebus, macarthurii,,Anjiahely mouse lemur,Microcèbe d'Anjiahely,Kandrandra
Microcebus macarthurii,17,,"Radespiel et al., 2008",ANIMALIA,CHORDATA,VERTEBRATA,MAMMALIA,THERIA,EUTHERIA,PRIMATES,Strepsirrhini ,Lemuriformes,,CHEIROGALEIDAE,,Microcebus, macarthurii,,MacArthur's mouse lemur,Microcèbe de MacArthur,
Microcebus mittermeieri,18,,"Louis et al., 2006",ANIMALIA,CHORDATA,VERTEBRATA,MAMMALIA,THERIA,EUTHERIA,PRIMATES,Strepsirrhini ,Lemuriformes,,CHEIROGALEIDAE,,Microcebus,mittermeieri,,Mittermeier's mouse lemur,Microcèbe de Mittermeier,Tsidy an'i Mittermeier
Microcebus gerpi,19,,,ANIMALIA,CHORDATA,VERTEBRATA,MAMMALIA,THERIA,EUTHERIA,PRIMATES,Strepsirrhini ,Lemuriformes,,CHEIROGALEIDAE,,Microcebus, gerpi,,,,
Mirza coquereli,20,,"(A. Grandidier, 1867)",ANIMALIA,CHORDATA,VERTEBRATA,MAMMALIA,THERIA,EUTHERIA,PRIMATES,Strepsirrhini ,Lemuriformes,,CHEIROGALEIDAE,,Mirza,coquereli,,Coquerel's giant mouse lemur,Microcèbe géant de Coquerel,Tsiba
Mirza coquereli,20,,"(A. Grandidier, 1867)",ANIMALIA,CHORDATA,VERTEBRATA,MAMMALIA,THERIA,EUTHERIA,PRIMATES,Strepsirrhini ,Lemuriformes,,CHEIROGALEIDAE,,Mirza,coquereli,,Coquerel's dwarf lemur,,Tilitilivaha
Mirza coquereli,20,,"(A. Grandidier, 1867)",ANIMALIA,CHORDATA,VERTEBRATA,MAMMALIA,THERIA,EUTHERIA,PRIMATES,Strepsirrhini ,Lemuriformes,,CHEIROGALEIDAE,,Mirza,coquereli,,Southern giant mouse lemur,,Siba (Morondava)
Mirza coquereli,20,,"(A. Grandidier, 1867)",ANIMALIA,CHORDATA,VERTEBRATA,MAMMALIA,THERIA,EUTHERIA,PRIMATES,Strepsirrhini ,Lemuriformes,,CHEIROGALEIDAE,,Mirza,coquereli,,,,Setohy
Mirza zaza,21,,"Kappeler and Roos, 2005 in Kappeler et al., 2005",ANIMALIA,CHORDATA,VERTEBRATA,MAMMALIA,THERIA,EUTHERIA,PRIMATES,Strepsirrhini ,Lemuriformes,,CHEIROGALEIDAE,,Mirza, zaza,,Northern giant mouse lemur,Microcèbe géant du nord,Tanta
Mirza zaza,21,,"Kappeler and Roos, 2005 in Kappeler et al., 2005",ANIMALIA,CHORDATA,VERTEBRATA,MAMMALIA,THERIA,EUTHERIA,PRIMATES,Strepsirrhini ,Lemuriformes,,CHEIROGALEIDAE,,Mirza, zaza,,Northern dwarf lemur,,Fitily (North of Ambanja)
Allocebus trichotis,22,,"Günther, 1875",ANIMALIA,CHORDATA,VERTEBRATA,MAMMALIA,THERIA,EUTHERIA,PRIMATES,Strepsirrhini ,Lemuriformes,,CHEIROGALEIDAE,,Allocebus, trichotis,,Hairy-eared dwarf lemur,Allocèbe,
Allocebus trichotis,22,,"Günther, 1875",ANIMALIA,CHORDATA,VERTEBRATA,MAMMALIA,THERIA,EUTHERIA,PRIMATES,Strepsirrhini ,Lemuriformes,,CHEIROGALEIDAE,,Allocebus, trichotis,,Hairy-eared mouse lemur,Cheirogale à oreilles poilues,Tsidiala
Allocebus trichotis,22,,"Günther, 1875",ANIMALIA,CHORDATA,VERTEBRATA,MAMMALIA,THERIA,EUTHERIA,PRIMATES,Strepsirrhini ,Lemuriformes,,CHEIROGALEIDAE,,Allocebus, trichotis,,,Cheirogale à oreilles velues,Antsidy mavo
Cheirogaleus medius,23,,"E. Geoffroy, 1812",ANIMALIA,CHORDATA,VERTEBRATA,MAMMALIA,THERIA,EUTHERIA,PRIMATES,Strepsirrhini ,Lemuriformes,,CHEIROGALEIDAE,,Cheirogaleus, medius,,Fat-tailed dwarf lemur,Petit cheirogale,Tsidihy
Cheirogaleus medius,23,,"E. Geoffroy, 1812",ANIMALIA,CHORDATA,VERTEBRATA,MAMMALIA,THERIA,EUTHERIA,PRIMATES,Strepsirrhini ,Lemuriformes,,CHEIROGALEIDAE,,Cheirogaleus, medius,,Lesser dwarf lemur,Cheirogale moyen,Kelybehohy
Cheirogaleus medius,23,,"E. Geoffroy, 1812",ANIMALIA,CHORDATA,VERTEBRATA,MAMMALIA,THERIA,EUTHERIA,PRIMATES,Strepsirrhini ,Lemuriformes,,CHEIROGALEIDAE,,Cheirogaleus, medius,,Western fat-tailed dwarf lemur,Cheirogale à gros queue,Matavyrambo
Cheirogaleus medius,23,,"E. Geoffroy, 1812",ANIMALIA,CHORDATA,VERTEBRATA,MAMMALIA,THERIA,EUTHERIA,PRIMATES,Strepsirrhini ,Lemuriformes,,CHEIROGALEIDAE,,Cheirogaleus, medius,,Spiny forest dwarf lemur,Cheirogale à queue grasse,Bodonohy (near Taolgnaro)
Cheirogaleus sibreei,24,,"(Forsyth Major, 1896)",ANIMALIA,CHORDATA,VERTEBRATA,MAMMALIA,THERIA,EUTHERIA,PRIMATES,Strepsirrhini ,Lemuriformes,,CHEIROGALEIDAE,,Cheirogaleus, sibreei,,Sibree's dwarf lemur,Cheirogale de Sibree,Tsitsihy
Cheirogaleus major,25,,"E. Geoffroy, 1812",ANIMALIA,CHORDATA,VERTEBRATA,MAMMALIA,THERIA,EUTHERIA,PRIMATES,Strepsirrhini ,Lemuriformes,,CHEIROGALEIDAE,,Cheirogaleus,major,,Greater dwarf lemur,Grand cheirogale,Tsitsihy
Cheirogaleus major,25,,"E. Geoffroy, 1812",ANIMALIA,CHORDATA,VERTEBRATA,MAMMALIA,THERIA,EUTHERIA,PRIMATES,Strepsirrhini ,Lemuriformes,,CHEIROGALEIDAE,,Cheirogaleus,major,,Geoffroy's dwarf lemur,,Tsidy
Cheirogaleus major,25,,"E. Geoffroy, 1812",ANIMALIA,CHORDATA,VERTEBRATA,MAMMALIA,THERIA,EUTHERIA,PRIMATES,Strepsirrhini ,Lemuriformes,,CHEIROGALEIDAE,,Cheirogaleus,major,,,,Hataka
Cheirogaleus major,25,,"E. Geoffroy, 1812",ANIMALIA,CHORDATA,VERTEBRATA,MAMMALIA,THERIA,EUTHERIA,PRIMATES,Strepsirrhini ,Lemuriformes,,CHEIROGALEIDAE,,Cheirogaleus,major,,,,Kelybehohy (southeast)
Cheirogaleus crossleyi,26,,"A. Grandidier, 1870",ANIMALIA,CHORDATA,VERTEBRATA,MAMMALIA,THERIA,EUTHERIA,PRIMATES,Strepsirrhini ,Lemuriformes,,CHEIROGALEIDAE,,Cheirogaleus, crossleyi,,Crossley's dwarf lemur,Cheirogale de Crossley,Matavirambo
Cheirogaleus crossleyi,26,,"A. Grandidier, 1870",ANIMALIA,CHORDATA,VERTEBRATA,MAMMALIA,THERIA,EUTHERIA,PRIMATES,Strepsirrhini ,Lemuriformes,,CHEIROGALEIDAE,,Cheirogaleus, crossleyi,,Furry-eared dwarf lemur,,Tsitsihy (northeast)
Cheirogaleus minusculus,27,,"Groves, 2000",ANIMALIA,CHORDATA,VERTEBRATA,MAMMALIA,THERIA,EUTHERIA,PRIMATES,Strepsirrhini ,Lemuriformes,,CHEIROGALEIDAE,,Cheirogaleus,minusculus,,Lesser iron-gray dwarf lemur,Grand cheirogale gris-acier,Tsitsiha
Cheirogaleus minusculus,27,,"Groves, 2000",ANIMALIA,CHORDATA,VERTEBRATA,MAMMALIA,THERIA,EUTHERIA,PRIMATES,Strepsirrhini ,Lemuriformes,,CHEIROGALEIDAE,,Cheirogaleus,minusculus,,Large iron-gray dwarf lemur,,
Cheirogaleus adipicaudatus,28,,,ANIMALIA,CHORDATA,VERTEBRATA,MAMMALIA,THERIA,EUTHERIA,PRIMATES,Strepsirrhini ,Lemuriformes,,CHEIROGALEIDAE,,Cheirogaleus, adipicaudatus,,,,
Cheirogaleus ravus,29,,,ANIMALIA,CHORDATA,VERTEBRATA,MAMMALIA,THERIA,EUTHERIA,PRIMATES,Strepsirrhini ,Lemuriformes,,CHEIROGALEIDAE,,Cheirogaleus, ravus,,,,
Phaner furcifer,30,,"(de Blainville, 1839)",ANIMALIA,CHORDATA,VERTEBRATA,MAMMALIA,THERIA,EUTHERIA,PRIMATES,Strepsirrhini ,Lemuriformes,,CHEIROGALEIDAE,,Phaner,furcifer,,Masoala fork-marked lemur,Phaner oriental,Tantana
Phaner furcifer,30,,"(de Blainville, 1839)",ANIMALIA,CHORDATA,VERTEBRATA,MAMMALIA,THERIA,EUTHERIA,PRIMATES,Strepsirrhini ,Lemuriformes,,CHEIROGALEIDAE,,Phaner,furcifer,,Eastern fork-marked lemur,Lémurien à fourche oriental,Tanta
Phaner furcifer,30,,"(de Blainville, 1839)",ANIMALIA,CHORDATA,VERTEBRATA,MAMMALIA,THERIA,EUTHERIA,PRIMATES,Strepsirrhini ,Lemuriformes,,CHEIROGALEIDAE,,Phaner,furcifer,,,Phaner à fourche oriental,Vakiandriana
Phaner pallescens,31,,"Groves and Tattersall, 1991",ANIMALIA,CHORDATA,VERTEBRATA,MAMMALIA,THERIA,EUTHERIA,PRIMATES,Strepsirrhini ,Lemuriformes,,CHEIROGALEIDAE,,Phaner, pallescens,,Pale fork-marked lemur,Phaner occidental,Tanta
Phaner pallescens,31,,"Groves and Tattersall, 1991",ANIMALIA,CHORDATA,VERTEBRATA,MAMMALIA,THERIA,EUTHERIA,PRIMATES,Strepsirrhini ,Lemuriformes,,CHEIROGALEIDAE,,Phaner, pallescens,,Western fork-marked lemur,Lémurien à fourche occidental,Tantaraolana
Phaner pallescens,31,,"Groves and Tattersall, 1991",ANIMALIA,CHORDATA,VERTEBRATA,MAMMALIA,THERIA,EUTHERIA,PRIMATES,Strepsirrhini ,Lemuriformes,,CHEIROGALEIDAE,,Phaner, pallescens,,,Phaner pâle,Vakivoho
Phaner parienti,32,,"Groves and Tattersall, 1991",ANIMALIA,CHORDATA,VERTEBRATA,MAMMALIA,THERIA,EUTHERIA,PRIMATES,Strepsirrhini ,Lemuriformes,,CHEIROGALEIDAE,,Phaner,parienti,,Sambirano fork-marked lemur,Phaner de Pariente,Tanta
Phaner parienti,32,,"Groves and Tattersall, 1991",ANIMALIA,CHORDATA,VERTEBRATA,MAMMALIA,THERIA,EUTHERIA,PRIMATES,Strepsirrhini ,Lemuriformes,,CHEIROGALEIDAE,,Phaner,parienti,,Pariente's fork-marked lemur,Lémurien à fourche de Pariente,Valvihy
Phaner electromontis,33,,"Groves and Tattersall, 1991",ANIMALIA,CHORDATA,VERTEBRATA,MAMMALIA,THERIA,EUTHERIA,PRIMATES,Strepsirrhini ,Lemuriformes,,CHEIROGALEIDAE,,Phaner,electromontis,,Montagne d'Ambre fork-marked lemur,Phaner de la montagne d'Ambre,Tanta
Phaner electromontis,33,,"Groves and Tattersall, 1991",ANIMALIA,CHORDATA,VERTEBRATA,MAMMALIA,THERIA,EUTHERIA,PRIMATES,Strepsirrhini ,Lemuriformes,,CHEIROGALEIDAE,,Phaner,electromontis,,Amber mountain fork-marked lemur,Lémurien à fourche de la montagne d'Ambre,
Lepilemur mustelinus,34,,"I. Geoffroy, 1851",ANIMALIA,CHORDATA,VERTEBRATA,MAMMALIA,THERIA,EUTHERIA,PRIMATES,Strepsirrhini ,Lemuriformes,,LEPILEMURIDAE,,Lepilemur, mustelinus,,Weasel sportive lemur,Lépilémur,Hataka
Lepilemur mustelinus,34,,"I. Geoffroy, 1851",ANIMALIA,CHORDATA,VERTEBRATA,MAMMALIA,THERIA,EUTHERIA,PRIMATES,Strepsirrhini ,Lemuriformes,,LEPILEMURIDAE,,Lepilemur, mustelinus,,Greater sportive lemur,,Trangalava
Lepilemur mustelinus,34,,"I. Geoffroy, 1851",ANIMALIA,CHORDATA,VERTEBRATA,MAMMALIA,THERIA,EUTHERIA,PRIMATES,Strepsirrhini ,Lemuriformes,,LEPILEMURIDAE,,Lepilemur, mustelinus,,Weasel lemur,,Kotrika
Lepilemur mustelinus,34,,"I. Geoffroy, 1851",ANIMALIA,CHORDATA,VERTEBRATA,MAMMALIA,THERIA,EUTHERIA,PRIMATES,Strepsirrhini ,Lemuriformes,,LEPILEMURIDAE,,Lepilemur, mustelinus,,Greater weasel lemur,,Fitiliky
Lepilemur mustelinus,34,,"I. Geoffroy, 1851",ANIMALIA,CHORDATA,VERTEBRATA,MAMMALIA,THERIA,EUTHERIA,PRIMATES,Strepsirrhini ,Lemuriformes,,LEPILEMURIDAE,,Lepilemur, mustelinus,,,,Kotriana
Lepilemur betsileo,35,,"Louis et al., 2006",ANIMALIA,CHORDATA,VERTEBRATA,MAMMALIA,THERIA,EUTHERIA,PRIMATES,Strepsirrhini ,Lemuriformes,,LEPILEMURIDAE,,Lepilemur,betsileo,,Betsileo sportive lemur,Lépilémur du betsileo,Hataka
Lepilemur betsileo,35,,"Louis et al., 2006",ANIMALIA,CHORDATA,VERTEBRATA,MAMMALIA,THERIA,EUTHERIA,PRIMATES,Strepsirrhini ,Lemuriformes,,LEPILEMURIDAE,,Lepilemur,betsileo,,,,Trangalava
Lepilemur betsileo,35,,"Louis et al., 2006",ANIMALIA,CHORDATA,VERTEBRATA,MAMMALIA,THERIA,EUTHERIA,PRIMATES,Strepsirrhini ,Lemuriformes,,LEPILEMURIDAE,,Lepilemur,betsileo,,,,Kotrika
Lepilemur betsileo,35,,"Louis et al., 2006",ANIMALIA,CHORDATA,VERTEBRATA,MAMMALIA,THERIA,EUTHERIA,PRIMATES,Strepsirrhini ,Lemuriformes,,LEPILEMURIDAE,,Lepilemur,betsileo,,,,Fitiliky
Lepilemur betsileo,35,,"Louis et al., 2006",ANIMALIA,CHORDATA,VERTEBRATA,MAMMALIA,THERIA,EUTHERIA,PRIMATES,Strepsirrhini ,Lemuriformes,,LEPILEMURIDAE,,Lepilemur,betsileo,,,,Kotriana
Lepilemur microdon,36,,"(Forsyth Major, 1894)",ANIMALIA,CHORDATA,VERTEBRATA,MAMMALIA,THERIA,EUTHERIA,PRIMATES,Strepsirrhini ,Lemuriformes,,LEPILEMURIDAE,,Lepilemur,microdon,,Small-toothed sportive lemur,Lépilémur aux petits dents,Fitiliky
Lepilemur microdon,36,,"(Forsyth Major, 1894)",ANIMALIA,CHORDATA,VERTEBRATA,MAMMALIA,THERIA,EUTHERIA,PRIMATES,Strepsirrhini ,Lemuriformes,,LEPILEMURIDAE,,Lepilemur,microdon,,Small-toothed weasel lemur,,Hataka
Lepilemur microdon,36,,"(Forsyth Major, 1894)",ANIMALIA,CHORDATA,VERTEBRATA,MAMMALIA,THERIA,EUTHERIA,PRIMATES,Strepsirrhini ,Lemuriformes,,LEPILEMURIDAE,,Lepilemur,microdon,,,,Trangalavaka
Lepilemur microdon,36,,"(Forsyth Major, 1894)",ANIMALIA,CHORDATA,VERTEBRATA,MAMMALIA,THERIA,EUTHERIA,PRIMATES,Strepsirrhini ,Lemuriformes,,LEPILEMURIDAE,,Lepilemur,microdon,,,,Kotrika
Lepilemur jamesorum,37,,"Louis et al., 2006",ANIMALIA,CHORDATA,VERTEBRATA,MAMMALIA,THERIA,EUTHERIA,PRIMATES,Strepsirrhini ,Lemuriformes,,LEPILEMURIDAE,,Lepilemur,jamesorum,,Manombo sportive lemur,Lépilémur de Manombo,Hataka
Lepilemur jamesorum,37,,"Louis et al., 2006",ANIMALIA,CHORDATA,VERTEBRATA,MAMMALIA,THERIA,EUTHERIA,PRIMATES,Strepsirrhini ,Lemuriformes,,LEPILEMURIDAE,,Lepilemur,jamesorum,,James' sportive lemur,Lépilémur de James,Trangalava
Lepilemur jamesorum,37,,"Louis et al., 2006",ANIMALIA,CHORDATA,VERTEBRATA,MAMMALIA,THERIA,EUTHERIA,PRIMATES,Strepsirrhini ,Lemuriformes,,LEPILEMURIDAE,,Lepilemur,jamesorum,,,,Kotrika
Lepilemur jamesorum,37,,"Louis et al., 2006",ANIMALIA,CHORDATA,VERTEBRATA,MAMMALIA,THERIA,EUTHERIA,PRIMATES,Strepsirrhini ,Lemuriformes,,LEPILEMURIDAE,,Lepilemur,jamesorum,,,,Fitiliky
Lepilemur jamesorum,37,,"Louis et al., 2006",ANIMALIA,CHORDATA,VERTEBRATA,MAMMALIA,THERIA,EUTHERIA,PRIMATES,Strepsirrhini ,Lemuriformes,,LEPILEMURIDAE,,Lepilemur,jamesorum,,,,Kotriana
Lepilemur wrightae,38,,"Louis et al., 2006",ANIMALIA,CHORDATA,VERTEBRATA,MAMMALIA,THERIA,EUTHERIA,PRIMATES,Strepsirrhini ,Lemuriformes,,LEPILEMURIDAE,,Lepilemur, wrightae,,Wright's sportive lemur,Lépilémur de Wright,Hataka
Lepilemur wrightae,38,,"Louis et al., 2006",ANIMALIA,CHORDATA,VERTEBRATA,MAMMALIA,THERIA,EUTHERIA,PRIMATES,Strepsirrhini ,Lemuriformes,,LEPILEMURIDAE,,Lepilemur, wrightae,,Kalambatritra sportive lemur,,Trangalava
Lepilemur wrightae,38,,"Louis et al., 2006",ANIMALIA,CHORDATA,VERTEBRATA,MAMMALIA,THERIA,EUTHERIA,PRIMATES,Strepsirrhini ,Lemuriformes,,LEPILEMURIDAE,,Lepilemur, wrightae,,,,Kotrika
Lepilemur wrightae,38,,"Louis et al., 2006",ANIMALIA,CHORDATA,VERTEBRATA,MAMMALIA,THERIA,EUTHERIA,PRIMATES,Strepsirrhini ,Lemuriformes,,LEPILEMURIDAE,,Lepilemur, wrightae,,,,Fitiliky
Lepilemur wrightae,38,,"Louis et al., 2006",ANIMALIA,CHORDATA,VERTEBRATA,MAMMALIA,THERIA,EUTHERIA,PRIMATES,Strepsirrhini ,Lemuriformes,,LEPILEMURIDAE,,Lepilemur, wrightae,,,,Kotriana
Lepilemur fleuretae,39,,"Louis et al., 2006",ANIMALIA,CHORDATA,VERTEBRATA,MAMMALIA,THERIA,EUTHERIA,PRIMATES,Strepsirrhini ,Lemuriformes,,LEPILEMURIDAE,,Lepilemur,fleuretae,,Andohahela sportive lemur,Lépilémur d'Andohahela,Hataka
Lepilemur fleuretae,39,,"Louis et al., 2006",ANIMALIA,CHORDATA,VERTEBRATA,MAMMALIA,THERIA,EUTHERIA,PRIMATES,Strepsirrhini ,Lemuriformes,,LEPILEMURIDAE,,Lepilemur,fleuretae,,Fleurette's sportive lemur,Lépilémur de Fleurette,Trangalava
Lepilemur fleuretae,39,,"Louis et al., 2006",ANIMALIA,CHORDATA,VERTEBRATA,MAMMALIA,THERIA,EUTHERIA,PRIMATES,Strepsirrhini ,Lemuriformes,,LEPILEMURIDAE,,Lepilemur,fleuretae,,,,Kotrika
Lepilemur fleuretae,39,,"Louis et al., 2006",ANIMALIA,CHORDATA,VERTEBRATA,MAMMALIA,THERIA,EUTHERIA,PRIMATES,Strepsirrhini ,Lemuriformes,,LEPILEMURIDAE,,Lepilemur,fleuretae,,,,Fitiliky
Lepilemur fleuretae,39,,"Louis et al., 2006",ANIMALIA,CHORDATA,VERTEBRATA,MAMMALIA,THERIA,EUTHERIA,PRIMATES,Strepsirrhini ,Lemuriformes,,LEPILEMURIDAE,,Lepilemur,fleuretae,,,,Kotriana
Lepilemur hollandorum,40,,"Ramaromilanto et al., 2009",ANIMALIA,CHORDATA,VERTEBRATA,MAMMALIA,THERIA,EUTHERIA,PRIMATES,Strepsirrhini ,Lemuriformes,,LEPILEMURIDAE,,Lepilemur, hollandorum,,Mananara-nord sportive lemur,Lépilémur de Mananara-nord,Hataka
Lepilemur hollandorum,40,,"Ramaromilanto et al., 2009",ANIMALIA,CHORDATA,VERTEBRATA,MAMMALIA,THERIA,EUTHERIA,PRIMATES,Strepsirrhini ,Lemuriformes,,LEPILEMURIDAE,,Lepilemur, hollandorum,,Holland's sportive lemur,,Trangalava
Lepilemur hollandorum,40,,"Ramaromilanto et al., 2009",ANIMALIA,CHORDATA,VERTEBRATA,MAMMALIA,THERIA,EUTHERIA,PRIMATES,Strepsirrhini ,Lemuriformes,,LEPILEMURIDAE,,Lepilemur, hollandorum,,,,Kotrika
Lepilemur hollandorum,40,,"Ramaromilanto et al., 2009",ANIMALIA,CHORDATA,VERTEBRATA,MAMMALIA,THERIA,EUTHERIA,PRIMATES,Strepsirrhini ,Lemuriformes,,LEPILEMURIDAE,,Lepilemur, hollandorum,,,,Fitiliky
Lepilemur hollandorum,40,,"Ramaromilanto et al., 2009",ANIMALIA,CHORDATA,VERTEBRATA,MAMMALIA,THERIA,EUTHERIA,PRIMATES,Strepsirrhini ,Lemuriformes,,LEPILEMURIDAE,,Lepilemur, hollandorum,,,,Kotriana
Lepilemur seali,41,,"Louis et al., 2006",ANIMALIA,CHORDATA,VERTEBRATA,MAMMALIA,THERIA,EUTHERIA,PRIMATES,Strepsirrhini ,Lemuriformes,,LEPILEMURIDAE,,Lepilemur,seali,,Seal's sportive lemur,Lépilémur de Seal,Tsitsihy (Makira)
Lepilemur seali,41,,"Louis et al., 2006",ANIMALIA,CHORDATA,VERTEBRATA,MAMMALIA,THERIA,EUTHERIA,PRIMATES,Strepsirrhini ,Lemuriformes,,LEPILEMURIDAE,,Lepilemur,seali,,Anjanaharibe-sud sportive lemur,,
Lepilemur scottorum,42,,"Lei et al., 2008",ANIMALIA,CHORDATA,VERTEBRATA,MAMMALIA,THERIA,EUTHERIA,PRIMATES,Strepsirrhini ,Lemuriformes,,LEPILEMURIDAE,,Lepilemur, scottorum,,Masoala sportive lemur,Lépilémur de Masoala,Hataka
Lepilemur scottorum,42,,"Lei et al., 2008",ANIMALIA,CHORDATA,VERTEBRATA,MAMMALIA,THERIA,EUTHERIA,PRIMATES,Strepsirrhini ,Lemuriformes,,LEPILEMURIDAE,,Lepilemur, scottorum,,Scott's sportive lemur,Lépilémur de Scott,Trangalava
Lepilemur scottorum,42,,"Lei et al., 2008",ANIMALIA,CHORDATA,VERTEBRATA,MAMMALIA,THERIA,EUTHERIA,PRIMATES,Strepsirrhini ,Lemuriformes,,LEPILEMURIDAE,,Lepilemur, scottorum,,,,Kotrika
Lepilemur scottorum,42,,"Lei et al., 2008",ANIMALIA,CHORDATA,VERTEBRATA,MAMMALIA,THERIA,EUTHERIA,PRIMATES,Strepsirrhini ,Lemuriformes,,LEPILEMURIDAE,,Lepilemur, scottorum,,,,Fitiliky
Lepilemur scottorum,42,,"Lei et al., 2008",ANIMALIA,CHORDATA,VERTEBRATA,MAMMALIA,THERIA,EUTHERIA,PRIMATES,Strepsirrhini ,Lemuriformes,,LEPILEMURIDAE,,Lepilemur, scottorum,,,,Kotriana
Lepilemur milanoii,43,,"Louis et al., 2006",ANIMALIA,CHORDATA,VERTEBRATA,MAMMALIA,THERIA,EUTHERIA,PRIMATES,Strepsirrhini ,Lemuriformes,,LEPILEMURIDAE,,Lepilemur,milanoii,,Daraina sportive lemur,Lépilémur de Daraina,Hataka
Lepilemur milanoii,43,,"Louis et al., 2006",ANIMALIA,CHORDATA,VERTEBRATA,MAMMALIA,THERIA,EUTHERIA,PRIMATES,Strepsirrhini ,Lemuriformes,,LEPILEMURIDAE,,Lepilemur,milanoii,,,,Trangalava
Lepilemur milanoii,43,,"Louis et al., 2006",ANIMALIA,CHORDATA,VERTEBRATA,MAMMALIA,THERIA,EUTHERIA,PRIMATES,Strepsirrhini ,Lemuriformes,,LEPILEMURIDAE,,Lepilemur,milanoii,,,,Kotrika
Lepilemur milanoii,43,,"Louis et al., 2006",ANIMALIA,CHORDATA,VERTEBRATA,MAMMALIA,THERIA,EUTHERIA,PRIMATES,Strepsirrhini ,Lemuriformes,,LEPILEMURIDAE,,Lepilemur,milanoii,,,,Fitiliky
Lepilemur milanoii,43,,"Louis et al., 2006",ANIMALIA,CHORDATA,VERTEBRATA,MAMMALIA,THERIA,EUTHERIA,PRIMATES,Strepsirrhini ,Lemuriformes,,LEPILEMURIDAE,,Lepilemur,milanoii,,,,Kotriana
Lepilemur ankaranensis,44,,"Rumpler and Albignac, 1975",ANIMALIA,CHORDATA,VERTEBRATA,MAMMALIA,THERIA,EUTHERIA,PRIMATES,Strepsirrhini ,Lemuriformes,,LEPILEMURIDAE,,Lepilemur, ankaranensis,,Ankarana sportive lemur,Lépilémur d'Ankarana,Valiha
Lepilemur ankaranensis,44,,"Rumpler and Albignac, 1975",ANIMALIA,CHORDATA,VERTEBRATA,MAMMALIA,THERIA,EUTHERIA,PRIMATES,Strepsirrhini ,Lemuriformes,,LEPILEMURIDAE,,Lepilemur, ankaranensis,,Ankarana weasel lemur,,
Lepilemur septentrionalis,45,,"Rumpler and Albignac, 1975",ANIMALIA,CHORDATA,VERTEBRATA,MAMMALIA,THERIA,EUTHERIA,PRIMATES,Strepsirrhini ,Lemuriformes,,LEPILEMURIDAE,,Lepilemur, septentrionalis,,Sahafary sportive lemur,Lépilémur du nord,Fitsidika
Lepilemur septentrionalis,45,,"Rumpler and Albignac, 1975",ANIMALIA,CHORDATA,VERTEBRATA,MAMMALIA,THERIA,EUTHERIA,PRIMATES,Strepsirrhini ,Lemuriformes,,LEPILEMURIDAE,,Lepilemur, septentrionalis,,Northern sportive lemur,Lépilémur du Sahafary,Songiky
Lepilemur septentrionalis,45,,"Rumpler and Albignac, 1975",ANIMALIA,CHORDATA,VERTEBRATA,MAMMALIA,THERIA,EUTHERIA,PRIMATES,Strepsirrhini ,Lemuriformes,,LEPILEMURIDAE,,Lepilemur, septentrionalis,,Northern weasel lemur,Lépilémur septentrional,Mahiabeala
Lepilemur dorsalis,46,,"Gray, 1871",ANIMALIA,CHORDATA,VERTEBRATA,MAMMALIA,THERIA,EUTHERIA,PRIMATES,Strepsirrhini ,Lemuriformes,,LEPILEMURIDAE,,Lepilemur,dorsalis,,Gray's sportive lemur,Lépilémur de Gray,Apongy
Lepilemur dorsalis,46,,"Gray, 1871",ANIMALIA,CHORDATA,VERTEBRATA,MAMMALIA,THERIA,EUTHERIA,PRIMATES,Strepsirrhini ,Lemuriformes,,LEPILEMURIDAE,,Lepilemur,dorsalis,,Back-striped sportive lemur,Lépilémur à dos gris,Fitsidika
Lepilemur dorsalis,46,,"Gray, 1871",ANIMALIA,CHORDATA,VERTEBRATA,MAMMALIA,THERIA,EUTHERIA,PRIMATES,Strepsirrhini ,Lemuriformes,,LEPILEMURIDAE,,Lepilemur,dorsalis,,Gray-backed sportive lemur,,
Lepilemur tymerlachsonorum,47,,"Louis et al., 2006",ANIMALIA,CHORDATA,VERTEBRATA,MAMMALIA,THERIA,EUTHERIA,PRIMATES,Strepsirrhini ,Lemuriformes,,LEPILEMURIDAE,,Lepilemur,tymerlachsonorum,,Nosy Be sportive lemur,Lépilémur de Nosy Be,Fitsidika
Lepilemur tymerlachsonorum,48,,"Louis et al., 2006",ANIMALIA,CHORDATA,VERTEBRATA,MAMMALIA,THERIA,EUTHERIA,PRIMATES,Strepsirrhini ,Lemuriformes,,LEPILEMURIDAE,,Lepilemur,tymerlachsonorum,,Nosy Be weasel lemur,,Apongy
Lepilemur mittermeieri,48,,"Rabarivola et al., 2006",ANIMALIA,CHORDATA,VERTEBRATA,MAMMALIA,THERIA,EUTHERIA,PRIMATES,Strepsirrhini ,Lemuriformes,,LEPILEMURIDAE,,Lepilemur,mittermeieri,,Mittermeier's sportive lemur,Lépilémur de Mittermeier,Apongy
Lepilemur mittermeieri,49,,"Rabarivola et al., 2006",ANIMALIA,CHORDATA,VERTEBRATA,MAMMALIA,THERIA,EUTHERIA,PRIMATES,Strepsirrhini ,Lemuriformes,,LEPILEMURIDAE,,Lepilemur,mittermeieri,,,,Fitsidika
Lepilemur sahamalazensis,49,,"Andriaholinirina et al., 2006",ANIMALIA,CHORDATA,VERTEBRATA,MAMMALIA,THERIA,EUTHERIA,PRIMATES,Strepsirrhini ,Lemuriformes,,LEPILEMURIDAE,,Lepilemur, sahamalazensis,,Sahamalaza sportive lemur,Lépilémur de Sahamalaza,Fitsidiky
Lepilemur grewcockorum,50,,"Louis et al., 2006",ANIMALIA,CHORDATA,VERTEBRATA,MAMMALIA,THERIA,EUTHERIA,PRIMATES,Strepsirrhini ,Lemuriformes,,LEPILEMURIDAE,,Lepilemur, grewcockorum,,Anjiamangirana sportive lemur,Lépilémur d'Anjiamangirana,Repahaka
Lepilemur grewcockorum,50,,"Louis et al., 2006",ANIMALIA,CHORDATA,VERTEBRATA,MAMMALIA,THERIA,EUTHERIA,PRIMATES,Strepsirrhini ,Lemuriformes,,LEPILEMURIDAE,,Lepilemur, grewcockorum,,Grewcock's sportive lemur,Lépilémur de Grewcock,Boenga
Lepilemur grewcockorum,50,,"Louis et al., 2006",ANIMALIA,CHORDATA,VERTEBRATA,MAMMALIA,THERIA,EUTHERIA,PRIMATES,Strepsirrhini ,Lemuriformes,,LEPILEMURIDAE,,Lepilemur, grewcockorum,,,,Boengy
Lepilemur grewcockorum,50,,"Louis et al., 2006",ANIMALIA,CHORDATA,VERTEBRATA,MAMMALIA,THERIA,EUTHERIA,PRIMATES,Strepsirrhini ,Lemuriformes,,LEPILEMURIDAE,,Lepilemur, grewcockorum,,,,Kitrontro
Lepilemur grewcockorum,50,,"Louis et al., 2006",ANIMALIA,CHORDATA,VERTEBRATA,MAMMALIA,THERIA,EUTHERIA,PRIMATES,Strepsirrhini ,Lemuriformes,,LEPILEMURIDAE,,Lepilemur, grewcockorum,,,,Kitanta
Lepilemur otto,51,,"Craul et al., 2007",ANIMALIA,CHORDATA,VERTEBRATA,MAMMALIA,THERIA,EUTHERIA,PRIMATES,Strepsirrhini ,Lemuriformes,,LEPILEMURIDAE,,Lepilemur,otto,,Ambodimahabibo sportive lemur,Lépilémur d'Otto,Repahaka
Lepilemur otto,51,,"Craul et al., 2007",ANIMALIA,CHORDATA,VERTEBRATA,MAMMALIA,THERIA,EUTHERIA,PRIMATES,Strepsirrhini ,Lemuriformes,,LEPILEMURIDAE,,Lepilemur,otto,,Otto's sportive lemur,Lépilémur d'Ambodimahabibo,Boenga
Lepilemur otto,51,,"Craul et al., 2007",ANIMALIA,CHORDATA,VERTEBRATA,MAMMALIA,THERIA,EUTHERIA,PRIMATES,Strepsirrhini ,Lemuriformes,,LEPILEMURIDAE,,Lepilemur,otto,,,,Boengy
Lepilemur otto,51,,"Craul et al., 2007",ANIMALIA,CHORDATA,VERTEBRATA,MAMMALIA,THERIA,EUTHERIA,PRIMATES,Strepsirrhini ,Lemuriformes,,LEPILEMURIDAE,,Lepilemur,otto,,,,Kitrontro
Lepilemur otto,51,,"Craul et al., 2007",ANIMALIA,CHORDATA,VERTEBRATA,MAMMALIA,THERIA,EUTHERIA,PRIMATES,Strepsirrhini ,Lemuriformes,,LEPILEMURIDAE,,Lepilemur,otto,,,,Kitanta
Lepilemur edwardsi,52,,"(Forsyth Major, 1894)",ANIMALIA,CHORDATA,VERTEBRATA,MAMMALIA,THERIA,EUTHERIA,PRIMATES,Strepsirrhini ,Lemuriformes,,LEPILEMURIDAE,,Lepilemur,edwardsi,,Milne-Edwards' sportive lemur,Lépilémur de Milne-Edwards,Repahaka
Lepilemur edwardsi,52,,"(Forsyth Major, 1894)",ANIMALIA,CHORDATA,VERTEBRATA,MAMMALIA,THERIA,EUTHERIA,PRIMATES,Strepsirrhini ,Lemuriformes,,LEPILEMURIDAE,,Lepilemur,edwardsi,,Milne-Edwards' weasel lemur,,Boenga
Lepilemur edwardsi,52,,"(Forsyth Major, 1894)",ANIMALIA,CHORDATA,VERTEBRATA,MAMMALIA,THERIA,EUTHERIA,PRIMATES,Strepsirrhini ,Lemuriformes,,LEPILEMURIDAE,,Lepilemur,edwardsi,,,,Boengy
Lepilemur edwardsi,52,,"(Forsyth Major, 1894)",ANIMALIA,CHORDATA,VERTEBRATA,MAMMALIA,THERIA,EUTHERIA,PRIMATES,Strepsirrhini ,Lemuriformes,,LEPILEMURIDAE,,Lepilemur,edwardsi,,,,Kitrontro
Lepilemur edwardsi,52,,"(Forsyth Major, 1894)",ANIMALIA,CHORDATA,VERTEBRATA,MAMMALIA,THERIA,EUTHERIA,PRIMATES,Strepsirrhini ,Lemuriformes,,LEPILEMURIDAE,,Lepilemur,edwardsi,,,,Kitanta
Lepilemur aeeclis,53,,"Andriaholinirina et al., 2006",ANIMALIA,CHORDATA,VERTEBRATA,MAMMALIA,THERIA,EUTHERIA,PRIMATES,Strepsirrhini ,Lemuriformes,,LEPILEMURIDAE,,Lepilemur,aeeclis,,Antafia sportive lemur,Lépilémur d'Antafia,Boengy
Lepilemur aeeclis,53,,"Andriaholinirina et al., 2006",ANIMALIA,CHORDATA,VERTEBRATA,MAMMALIA,THERIA,EUTHERIA,PRIMATES,Strepsirrhini ,Lemuriformes,,LEPILEMURIDAE,,Lepilemur,aeeclis,,AEECL's sportive lemur,,
Lepilemur ahmansonorum,54,,"Louis et al., 2006",ANIMALIA,CHORDATA,VERTEBRATA,MAMMALIA,THERIA,EUTHERIA,PRIMATES,Strepsirrhini ,Lemuriformes,,LEPILEMURIDAE,,Lepilemur,ahmansonorum,,Tsiombikibo sportive lemur,Lépilémur d'Ahmanson,Boengy
Lepilemur ahmansonorum,54,,"Louis et al., 2006",ANIMALIA,CHORDATA,VERTEBRATA,MAMMALIA,THERIA,EUTHERIA,PRIMATES,Strepsirrhini ,Lemuriformes,,LEPILEMURIDAE,,Lepilemur,ahmansonorum,,Ahmanson's sportive lemur,Lépilémur de Tsiombikibo,
Lepilemur randrianasoloi,55,,"Andriaholinirina et al., 2006",ANIMALIA,CHORDATA,VERTEBRATA,MAMMALIA,THERIA,EUTHERIA,PRIMATES,Strepsirrhini ,Lemuriformes,,LEPILEMURIDAE,,Lepilemur,randrianasoloi,,Bemaraha sportive lemur,,
Lepilemur randrianasoloi,55,,"Andriaholinirina et al., 2006",ANIMALIA,CHORDATA,VERTEBRATA,MAMMALIA,THERIA,EUTHERIA,PRIMATES,Strepsirrhini ,Lemuriformes,,LEPILEMURIDAE,,Lepilemur,randrianasoloi,,Randrianasolo's sportive lemur,Lépilémur de Randrianasolo,Boengy
Lepilemur ruficaudatus,56,,"A. Grandidier, 1867",ANIMALIA,CHORDATA,VERTEBRATA,MAMMALIA,THERIA,EUTHERIA,PRIMATES,Strepsirrhini ,Lemuriformes,,LEPILEMURIDAE,,Lepilemur,ruficaudatus,,Red-tailed sportive lemur,Lépilémur à queue rousse,Boengy
Lepilemur ruficaudatus,56,,"A. Grandidier, 1867",ANIMALIA,CHORDATA,VERTEBRATA,MAMMALIA,THERIA,EUTHERIA,PRIMATES,Strepsirrhini ,Lemuriformes,,LEPILEMURIDAE,,Lepilemur,ruficaudatus,,Red-tailed weasel lemur,,
Lepilemur hubbardorum,57,,"Louis et al., 2006",ANIMALIA,CHORDATA,VERTEBRATA,MAMMALIA,THERIA,EUTHERIA,PRIMATES,Strepsirrhini ,Lemuriformes,,LEPILEMURIDAE,,Lepilemur,hubbardorum,,Zombitse sportive lemur,Lépilémur de Zombitse,Apongy
Lepilemur hubbardorum,57,,"Louis et al., 2006",ANIMALIA,CHORDATA,VERTEBRATA,MAMMALIA,THERIA,EUTHERIA,PRIMATES,Strepsirrhini ,Lemuriformes,,LEPILEMURIDAE,,Lepilemur,hubbardorum,,Hubbard's sportive lemur,Lépilémur de Hubbard,Fitsidiky
Lepilemur petteri,58,,"Louis et al., 2006",ANIMALIA,CHORDATA,VERTEBRATA,MAMMALIA,THERIA,EUTHERIA,PRIMATES,Strepsirrhini ,Lemuriformes,,LEPILEMURIDAE,,Lepilemur,petteri,,Petter's sportive lemur,Lépilémur de Petter,Apongy
Lepilemur petteri,58,,"Louis et al., 2006",ANIMALIA,CHORDATA,VERTEBRATA,MAMMALIA,THERIA,EUTHERIA,PRIMATES,Strepsirrhini ,Lemuriformes,,LEPILEMURIDAE,,Lepilemur,petteri,,,,Fitsidika
Lepilemur leucopus,59,,"(Forsyth Major, 1894)",ANIMALIA,CHORDATA,VERTEBRATA,MAMMALIA,THERIA,EUTHERIA,PRIMATES,Strepsirrhini ,Lemuriformes,,LEPILEMURIDAE,,Lepilemur,leucopus,,White-footed sportive lemur,Lépilémur à pattes blanches,Songiky
Lepilemur leucopus,59,,"(Forsyth Major, 1894)",ANIMALIA,CHORDATA,VERTEBRATA,MAMMALIA,THERIA,EUTHERIA,PRIMATES,Strepsirrhini ,Lemuriformes,,LEPILEMURIDAE,,Lepilemur,leucopus,,White-footed weasel lemur,,
Hapalemur griseus griseus,60,,"(Link, 1795)",ANIMALIA,CHORDATA,VERTEBRATA,MAMMALIA,THERIA,EUTHERIA,PRIMATES,Strepsirrhini ,Lemuriformes,,LEMURIDAE,,Hapalemur,griseus,griseus,Gray bamboo lemur,Petit hapalémur gris,Bokombolo
Hapalemur griseus griseus,60,,"(Link, 1795)",ANIMALIA,CHORDATA,VERTEBRATA,MAMMALIA,THERIA,EUTHERIA,PRIMATES,Strepsirrhini ,Lemuriformes,,LEMURIDAE,,Hapalemur,griseus,griseus,Eastern gray bamboo lemur,,Kotrika
Hapalemur griseus griseus,60,,"(Link, 1795)",ANIMALIA,CHORDATA,VERTEBRATA,MAMMALIA,THERIA,EUTHERIA,PRIMATES,Strepsirrhini ,Lemuriformes,,LEMURIDAE,,Hapalemur,griseus,griseus,Eastern lesser bamboo lemur,,Konte
Hapalemur griseus griseus,60,,"(Link, 1795)",ANIMALIA,CHORDATA,VERTEBRATA,MAMMALIA,THERIA,EUTHERIA,PRIMATES,Strepsirrhini ,Lemuriformes,,LEMURIDAE,,Hapalemur,griseus,griseus,Gray gentle lemur,,
Hapalemur griseus gilberti,61,,"Rabarivola et al., 2007",ANIMALIA,CHORDATA,VERTEBRATA,MAMMALIA,THERIA,EUTHERIA,PRIMATES,Strepsirrhini ,Lemuriformes,,LEMURIDAE,,Hapalemur,griseus,gilberti,Beanamalao bamboo lemur,Hapalémur de Beanamalao,Bokombolo
Hapalemur griseus gilberti,61,,"Rabarivola et al., 2007",ANIMALIA,CHORDATA,VERTEBRATA,MAMMALIA,THERIA,EUTHERIA,PRIMATES,Strepsirrhini ,Lemuriformes,,LEMURIDAE,,Hapalemur,griseus,gilberti,Gilbert's bamboo lemur,Hapalémur de Gilbert,Kotrika
Hapalemur griseus gilberti,61,,"Rabarivola et al., 2007",ANIMALIA,CHORDATA,VERTEBRATA,MAMMALIA,THERIA,EUTHERIA,PRIMATES,Strepsirrhini ,Lemuriformes,,LEMURIDAE,,Hapalemur,griseus,gilberti,Gilbert's gentle lemur,,
Hapalemur griseus ranomafanensis,62,,"Rabarivola et al., 2007",ANIMALIA,CHORDATA,VERTEBRATA,MAMMALIA,THERIA,EUTHERIA,PRIMATES,Strepsirrhini ,Lemuriformes,,LEMURIDAE,,Hapalemur,griseus,ranomafanensis,Ranomafana bamboo lemur,Hapalémur du Ranomafana,Bokombolo
Hapalemur griseus ranomafanensis,62,,"Rabarivola et al., 2007",ANIMALIA,CHORDATA,VERTEBRATA,MAMMALIA,THERIA,EUTHERIA,PRIMATES,Strepsirrhini ,Lemuriformes,,LEMURIDAE,,Hapalemur,griseus,ranomafanensis,Ranomafana gentle lemur,,Kotrika
Hapalemur meridionalis,63,,"Warter et al., 1987",ANIMALIA,CHORDATA,VERTEBRATA,MAMMALIA,THERIA,EUTHERIA,PRIMATES,Strepsirrhini ,Lemuriformes,,LEMURIDAE,,Hapalemur, meridionalis,,Southern bamboo lemur,Hapalémur méridional,Halo
Hapalemur meridionalis,63,,"Warter et al., 1987",ANIMALIA,CHORDATA,VERTEBRATA,MAMMALIA,THERIA,EUTHERIA,PRIMATES,Strepsirrhini ,Lemuriformes,,LEMURIDAE,,Hapalemur, meridionalis,,Rusty-gray bamboo lemur,,
Hapalemur meridionalis,63,,"Warter et al., 1987",ANIMALIA,CHORDATA,VERTEBRATA,MAMMALIA,THERIA,EUTHERIA,PRIMATES,Strepsirrhini ,Lemuriformes,,LEMURIDAE,,Hapalemur, meridionalis,,Southern lesser bamboo lemur,,
Hapalemur meridionalis,63,,"Warter et al., 1987",ANIMALIA,CHORDATA,VERTEBRATA,MAMMALIA,THERIA,EUTHERIA,PRIMATES,Strepsirrhini ,Lemuriformes,,LEMURIDAE,,Hapalemur, meridionalis,,Southern gentle lemur,,
Hapalemur occidentalis,64,,"Rumpler, 1975",ANIMALIA,CHORDATA,VERTEBRATA,MAMMALIA,THERIA,EUTHERIA,PRIMATES,Strepsirrhini ,Lemuriformes,,LEMURIDAE,,Hapalemur,occidentalis,,Northern bamboo lemur,Hapalémur occidental,Bokombolo
Hapalemur occidentalis,64,,"Rumpler, 1975",ANIMALIA,CHORDATA,VERTEBRATA,MAMMALIA,THERIA,EUTHERIA,PRIMATES,Strepsirrhini ,Lemuriformes,,LEMURIDAE,,Hapalemur,occidentalis,,Western lesser bamboo lemur,,Akomba-valiha
Hapalemur occidentalis,64,,"Rumpler, 1975",ANIMALIA,CHORDATA,VERTEBRATA,MAMMALIA,THERIA,EUTHERIA,PRIMATES,Strepsirrhini ,Lemuriformes,,LEMURIDAE,,Hapalemur,occidentalis,,Western gentle lemur,,Bekola
Hapalemur occidentalis,64,,"Rumpler, 1975",ANIMALIA,CHORDATA,VERTEBRATA,MAMMALIA,THERIA,EUTHERIA,PRIMATES,Strepsirrhini ,Lemuriformes,,LEMURIDAE,,Hapalemur,occidentalis,,,,Kofiy
Hapalemur occidentalis,64,,"Rumpler, 1975",ANIMALIA,CHORDATA,VERTEBRATA,MAMMALIA,THERIA,EUTHERIA,PRIMATES,Strepsirrhini ,Lemuriformes,,LEMURIDAE,,Hapalemur,occidentalis,,,,Kitronitrony
Hapalemur alaotrensis,65,,"Rumpler, 1975",ANIMALIA,CHORDATA,VERTEBRATA,MAMMALIA,THERIA,EUTHERIA,PRIMATES,Strepsirrhini ,Lemuriformes,,LEMURIDAE,,Hapalemur, alaotrensis,,Lac Alaotra bamboo lemur,Hapalémur du lac Alaotra,Bandro
Hapalemur alaotrensis,65,,"Rumpler, 1975",ANIMALIA,CHORDATA,VERTEBRATA,MAMMALIA,THERIA,EUTHERIA,PRIMATES,Strepsirrhini ,Lemuriformes,,LEMURIDAE,,Hapalemur, alaotrensis,,Alaotran bamboo lemur,,
Hapalemur alaotrensis,65,,"Rumpler, 1975",ANIMALIA,CHORDATA,VERTEBRATA,MAMMALIA,THERIA,EUTHERIA,PRIMATES,Strepsirrhini ,Lemuriformes,,LEMURIDAE,,Hapalemur, alaotrensis,,Lac Alaotra gentle lemur,,
Hapalemur aureus,66,,"Meier et al., 1987",ANIMALIA,CHORDATA,VERTEBRATA,MAMMALIA,THERIA,EUTHERIA,PRIMATES,Strepsirrhini ,Lemuriformes,,LEMURIDAE,,Hapalemur,aureus,,Golden bamboo lemur,Hapalémur doré,Bokombolomena
Hapalemur aureus,66,,"Meier et al., 1987",ANIMALIA,CHORDATA,VERTEBRATA,MAMMALIA,THERIA,EUTHERIA,PRIMATES,Strepsirrhini ,Lemuriformes,,LEMURIDAE,,Hapalemur,aureus,,,,Varimbolomena
Prolemur simus,67,,"(Gray, 1871)",ANIMALIA,CHORDATA,VERTEBRATA,MAMMALIA,THERIA,EUTHERIA,PRIMATES,Strepsirrhini ,Lemuriformes,,LEMURIDAE,,Prolemur,simus,,Greater bamboo lemur,Grand hapalémur,Varibolo
Prolemur simus,67,,"(Gray, 1871)",ANIMALIA,CHORDATA,VERTEBRATA,MAMMALIA,THERIA,EUTHERIA,PRIMATES,Strepsirrhini ,Lemuriformes,,LEMURIDAE,,Prolemur,simus,,Broad-nosed bamboo lemur,,Varivolomavo (Ranomafana)
Prolemur simus,67,,"(Gray, 1871)",ANIMALIA,CHORDATA,VERTEBRATA,MAMMALIA,THERIA,EUTHERIA,PRIMATES,Strepsirrhini ,Lemuriformes,,LEMURIDAE,,Prolemur,simus,,Broad-nosed gentle lemur,,Godroka
Prolemur simus,67,,"(Gray, 1871)",ANIMALIA,CHORDATA,VERTEBRATA,MAMMALIA,THERIA,EUTHERIA,PRIMATES,Strepsirrhini ,Lemuriformes,,LEMURIDAE,,Prolemur,simus,,,,Godrogodroka (Torotorofotsy)
Prolemur simus,67,,"(Gray, 1871)",ANIMALIA,CHORDATA,VERTEBRATA,MAMMALIA,THERIA,EUTHERIA,PRIMATES,Strepsirrhini ,Lemuriformes,,LEMURIDAE,,Prolemur,simus,,,,Tan-tang (Bay of Antongil)
Prolemur simus,67,,"(Gray, 1871)",ANIMALIA,CHORDATA,VERTEBRATA,MAMMALIA,THERIA,EUTHERIA,PRIMATES,Strepsirrhini ,Lemuriformes,,LEMURIDAE,,Prolemur,simus,,,,Bokombolobe,
Prolemur simus,67,,"(Gray, 1871)",ANIMALIA,CHORDATA,VERTEBRATA,MAMMALIA,THERIA,EUTHERIA,PRIMATES,Strepsirrhini ,Lemuriformes,,LEMURIDAE,,Prolemur,simus,,,,Reniben'ny kotrika,
Prolemur simus,67,,"(Gray, 1871)",ANIMALIA,CHORDATA,VERTEBRATA,MAMMALIA,THERIA,EUTHERIA,PRIMATES,Strepsirrhini ,Lemuriformes,,LEMURIDAE,,Prolemur,simus,,,,Halogodro (Soanierana - Ivongo),
Prolemur simus,67,,"(Gray, 1871)",ANIMALIA,CHORDATA,VERTEBRATA,MAMMALIA,THERIA,EUTHERIA,PRIMATES,Strepsirrhini ,Lemuriformes,,LEMURIDAE,,Prolemur,simus,,,,Varikovoka (Ambolomavo),
Lemur catta,68,,"Linnaeus, 1758",ANIMALIA,CHORDATA,VERTEBRATA,MAMMALIA,THERIA,EUTHERIA,PRIMATES,Strepsirrhini ,Lemuriformes,,LEMURIDAE,,Lemur, catta,,Ring-tailed lemur,Maki,Maky,
Lemur catta,68,,"Linnaeus, 1758",ANIMALIA,CHORDATA,VERTEBRATA,MAMMALIA,THERIA,EUTHERIA,PRIMATES,Strepsirrhini ,Lemuriformes,,LEMURIDAE,,Lemur, catta,,,Maki mococo,Hira,
Lemur catta,68,,"Linnaeus, 1758",ANIMALIA,CHORDATA,VERTEBRATA,MAMMALIA,THERIA,EUTHERIA,PRIMATES,Strepsirrhini ,Lemuriformes,,LEMURIDAE,,Lemur, catta,,,Maque,,
Eulemur fulvus,69,,"(E. Geoffroy, 1796)",ANIMALIA,CHORDATA,VERTEBRATA,MAMMALIA,THERIA,EUTHERIA,PRIMATES,Strepsirrhini ,Lemuriformes,,LEMURIDAE,,Eulemur,fulvus,,Brown lemur,Lémur brun,Varika,Komba mainty
Eulemur fulvus,69,,"(E. Geoffroy, 1796)",ANIMALIA,CHORDATA,VERTEBRATA,MAMMALIA,THERIA,EUTHERIA,PRIMATES,Strepsirrhini ,Lemuriformes,,LEMURIDAE,,Eulemur,fulvus,,Common brown lemur,,Varike,
Eulemur fulvus,69,,"(E. Geoffroy, 1796)",ANIMALIA,CHORDATA,VERTEBRATA,MAMMALIA,THERIA,EUTHERIA,PRIMATES,Strepsirrhini ,Lemuriformes,,LEMURIDAE,,Eulemur,fulvus,,,,Varikosy,
Eulemur fulvus,69,,"(E. Geoffroy, 1796)",ANIMALIA,CHORDATA,VERTEBRATA,MAMMALIA,THERIA,EUTHERIA,PRIMATES,Strepsirrhini ,Lemuriformes,,LEMURIDAE,,Eulemur,fulvus,,,,Akomba,
Eulemur fulvus,69,,"(E. Geoffroy, 1796)",ANIMALIA,CHORDATA,VERTEBRATA,MAMMALIA,THERIA,EUTHERIA,PRIMATES,Strepsirrhini ,Lemuriformes,,LEMURIDAE,,Eulemur,fulvus,,,,Gidro,
Eulemur fulvus,69,,"(E. Geoffroy, 1796)",ANIMALIA,CHORDATA,VERTEBRATA,MAMMALIA,THERIA,EUTHERIA,PRIMATES,Strepsirrhini ,Lemuriformes,,LEMURIDAE,,Eulemur,fulvus,,,,Dredrika (between Mampikony and Prt-Bergé),
Eulemur fulvus,69,,"(E. Geoffroy, 1796)",ANIMALIA,CHORDATA,VERTEBRATA,MAMMALIA,THERIA,EUTHERIA,PRIMATES,Strepsirrhini ,Lemuriformes,,LEMURIDAE,,Eulemur,fulvus,,,,Varikafasina (Andasibe),
Eulemur fulvus,69,,"(E. Geoffroy, 1796)",ANIMALIA,CHORDATA,VERTEBRATA,MAMMALIA,THERIA,EUTHERIA,PRIMATES,Strepsirrhini ,Lemuriformes,,LEMURIDAE,,Eulemur,fulvus,,,,Varikamava (Andasibe),
Eulemur rufus,70,,"(Audebert, 1799)",ANIMALIA,CHORDATA,VERTEBRATA,MAMMALIA,THERIA,EUTHERIA,PRIMATES,Strepsirrhini ,Lemuriformes,,LEMURIDAE,,Eulemur,rufus,,Rufous brown lemur,Lémur à front roux septentrional,Varika,
Eulemur rufus,70,,"(Audebert, 1799)",ANIMALIA,CHORDATA,VERTEBRATA,MAMMALIA,THERIA,EUTHERIA,PRIMATES,Strepsirrhini ,Lemuriformes,,LEMURIDAE,,Eulemur,rufus,,Northern red-fronted lemur,,Halo
Eulemur rufus,70,,"(Audebert, 1799)",ANIMALIA,CHORDATA,VERTEBRATA,MAMMALIA,THERIA,EUTHERIA,PRIMATES,Strepsirrhini ,Lemuriformes,,LEMURIDAE,,Eulemur,rufus,,Red-fronted brown lemur,Lémur à front roux méridional,
Eulemur rufifrons,71,,"(Bennett, 1833)",ANIMALIA,CHORDATA,VERTEBRATA,MAMMALIA,THERIA,EUTHERIA,PRIMATES,Strepsirrhini ,Lemuriformes,,LEMURIDAE,,Eulemur, rufifrons,,Red-fronted brown lemur,,Gidro
Eulemur rufifrons,71,,"(Bennett, 1833)",ANIMALIA,CHORDATA,VERTEBRATA,MAMMALIA,THERIA,EUTHERIA,PRIMATES,Strepsirrhini ,Lemuriformes,,LEMURIDAE,,Eulemur, rufifrons,,Southern red-fronted brown lemur,,Halo
Eulemur rufifrons,71,,"(Bennett, 1833)",ANIMALIA,CHORDATA,VERTEBRATA,MAMMALIA,THERIA,EUTHERIA,PRIMATES,Strepsirrhini ,Lemuriformes,,LEMURIDAE,,Eulemur, rufifrons,,,,Varikamavo (east)
Eulemur albifrons,72,,"(E. Geoffroy, 1796)",ANIMALIA,CHORDATA,VERTEBRATA,MAMMALIA,THERIA,EUTHERIA,PRIMATES,Strepsirrhini ,Lemuriformes,,LEMURIDAE,,Eulemur, albifrons,,White-fronted brown lemur,Lémur à front blanc,Varika
Eulemur albifrons,72,,"(E. Geoffroy, 1796)",ANIMALIA,CHORDATA,VERTEBRATA,MAMMALIA,THERIA,EUTHERIA,PRIMATES,Strepsirrhini ,Lemuriformes,,LEMURIDAE,,Eulemur, albifrons,,White-fronted lemur,,Varikosy
Eulemur albifrons,72,,"(E. Geoffroy, 1796)",ANIMALIA,CHORDATA,VERTEBRATA,MAMMALIA,THERIA,EUTHERIA,PRIMATES,Strepsirrhini ,Lemuriformes,,LEMURIDAE,,Eulemur, albifrons,,White-headed brown lemur,,Varikosa (Makira)
Eulemur albifrons,72,,"(E. Geoffroy, 1796)",ANIMALIA,CHORDATA,VERTEBRATA,MAMMALIA,THERIA,EUTHERIA,PRIMATES,Strepsirrhini ,Lemuriformes,,LEMURIDAE,,Eulemur, albifrons,,,,Alokosy
Eulemur sanfordi,73,,"(Archbold, 1932)",ANIMALIA,CHORDATA,VERTEBRATA,MAMMALIA,THERIA,EUTHERIA,PRIMATES,Strepsirrhini ,Lemuriformes,,LEMURIDAE,,Eulemur,sanfordi,,Sanford's brown-lemur,Lémur de Sanford,Ankomba
Eulemur sanfordi,73,,"(Archbold, 1932)",ANIMALIA,CHORDATA,VERTEBRATA,MAMMALIA,THERIA,EUTHERIA,PRIMATES,Strepsirrhini ,Lemuriformes,,LEMURIDAE,,Eulemur,sanfordi,,Sanford's lemur,,Beharavoaka
Eulemur sanfordi,73,,"(Archbold, 1932)",ANIMALIA,CHORDATA,VERTEBRATA,MAMMALIA,THERIA,EUTHERIA,PRIMATES,Strepsirrhini ,Lemuriformes,,LEMURIDAE,,Eulemur,sanfordi,,,,Varika
Eulemur cinereiceps,74,,"(A. Grandidier and Milne-Edwards, 1890)",ANIMALIA,CHORDATA,VERTEBRATA,MAMMALIA,THERIA,EUTHERIA,PRIMATES,Strepsirrhini ,Lemuriformes,,LEMURIDAE,,Eulemur, cinereiceps,,White-collared brown lemur,Lémur à collier blanc,Varika
Eulemur cinereiceps,74,,"(A. Grandidier and Milne-Edwards, 1890)",ANIMALIA,CHORDATA,VERTEBRATA,MAMMALIA,THERIA,EUTHERIA,PRIMATES,Strepsirrhini ,Lemuriformes,,LEMURIDAE,,Eulemur, cinereiceps,,Gray-headed brown lemur,Maki à fraise,Varika mena (Manombo)
Eulemur cinereiceps,74,,"(A. Grandidier and Milne-Edwards, 1890)",ANIMALIA,CHORDATA,VERTEBRATA,MAMMALIA,THERIA,EUTHERIA,PRIMATES,Strepsirrhini ,Lemuriformes,,LEMURIDAE,,Eulemur, cinereiceps,,White-collared lemur,,
Eulemur collaris,75,,"(E. Geoffroy, 1812)",ANIMALIA,CHORDATA,VERTEBRATA,MAMMALIA,THERIA,EUTHERIA,PRIMATES,Strepsirrhini ,Lemuriformes,,LEMURIDAE,,Eulemur, collaris,,Red-collared brown lemur,Lémur à collier roux,Varika
Eulemur collaris,75,,"(E. Geoffroy, 1812)",ANIMALIA,CHORDATA,VERTEBRATA,MAMMALIA,THERIA,EUTHERIA,PRIMATES,Strepsirrhini ,Lemuriformes,,LEMURIDAE,,Eulemur, collaris,,Red-collared lemur,,,
Eulemur macaco,76,,"Linnaeus, 1766",ANIMALIA,CHORDATA,VERTEBRATA,MAMMALIA,THERIA,EUTHERIA,PRIMATES,Strepsirrhini ,Lemuriformes,,LEMURIDAE,,Eulemur, macaco,,Black lemur,Lémur macaco,Ankomba,Komba
Eulemur macaco,76,,"Linnaeus, 1766",ANIMALIA,CHORDATA,VERTEBRATA,MAMMALIA,THERIA,EUTHERIA,PRIMATES,Strepsirrhini ,Lemuriformes,,LEMURIDAE,,Eulemur, macaco,,,,Akomba,Ankomba joby
Eulemur flavifrons,77,,"(Gray, 1867)",ANIMALIA,CHORDATA,VERTEBRATA,MAMMALIA,THERIA,EUTHERIA,PRIMATES,Strepsirrhini ,Lemuriformes,,LEMURIDAE,,Eulemur,flavifrons,,Blue-eyed black lemur,Maki aux yeux turquoise,Akomba,
Eulemur flavifrons,77,,"(Gray, 1867)",ANIMALIA,CHORDATA,VERTEBRATA,MAMMALIA,THERIA,EUTHERIA,PRIMATES,Strepsirrhini ,Lemuriformes,,LEMURIDAE,,Eulemur,flavifrons,,Sclater's lemur,,Akomba manga maso,
Eulemur flavifrons,77,,"(Gray, 1867)",ANIMALIA,CHORDATA,VERTEBRATA,MAMMALIA,THERIA,EUTHERIA,PRIMATES,Strepsirrhini ,Lemuriformes,,LEMURIDAE,,Eulemur,flavifrons,,Sclater's black lemur,,,
Eulemur coronatus,78,,"(Gray, 1842)",ANIMALIA,CHORDATA,VERTEBRATA,MAMMALIA,THERIA,EUTHERIA,PRIMATES,Strepsirrhini ,Lemuriformes,,LEMURIDAE,,Eulemur,coronatus,,Crowned lemur,Lémur couronné,Ankomba,
Eulemur coronatus,78,,"(Gray, 1842)",ANIMALIA,CHORDATA,VERTEBRATA,MAMMALIA,THERIA,EUTHERIA,PRIMATES,Strepsirrhini ,Lemuriformes,,LEMURIDAE,,Eulemur,coronatus,,,,Ankomba fiaka,
Eulemur coronatus,78,,"(Gray, 1842)",ANIMALIA,CHORDATA,VERTEBRATA,MAMMALIA,THERIA,EUTHERIA,PRIMATES,Strepsirrhini ,Lemuriformes,,LEMURIDAE,,Eulemur,coronatus,,,,Gidro,
Eulemur rubriventer,79,,"(I. Geoffroy, 1850)",ANIMALIA,CHORDATA,VERTEBRATA,MAMMALIA,THERIA,EUTHERIA,PRIMATES,Strepsirrhini ,Lemuriformes,,LEMURIDAE,,Eulemur, rubriventer,,Red-bellied lemur,Lémur à ventre rouge,Tongona,
Eulemur rubriventer,79,,"(I. Geoffroy, 1850)",ANIMALIA,CHORDATA,VERTEBRATA,MAMMALIA,THERIA,EUTHERIA,PRIMATES,Strepsirrhini ,Lemuriformes,,LEMURIDAE,,Eulemur, rubriventer,,,,Barimaso,
Eulemur rubriventer,79,,"(I. Geoffroy, 1850)",ANIMALIA,CHORDATA,VERTEBRATA,MAMMALIA,THERIA,EUTHERIA,PRIMATES,Strepsirrhini ,Lemuriformes,,LEMURIDAE,,Eulemur, rubriventer,,,,Tongo (Makira),
Eulemur rubriventer,79,,"(I. Geoffroy, 1850)",ANIMALIA,CHORDATA,VERTEBRATA,MAMMALIA,THERIA,EUTHERIA,PRIMATES,Strepsirrhini ,Lemuriformes,,LEMURIDAE,,Eulemur, rubriventer,,,,Halimena (Mananara-nord),
Eulemur rubriventer,79,,"(I. Geoffroy, 1850)",ANIMALIA,CHORDATA,VERTEBRATA,MAMMALIA,THERIA,EUTHERIA,PRIMATES,Strepsirrhini ,Lemuriformes,,LEMURIDAE,,Eulemur, rubriventer,,,,Halomena (Soanierana Ivongo),
Eulemur rubriventer,79,,"(I. Geoffroy, 1850)",ANIMALIA,CHORDATA,VERTEBRATA,MAMMALIA,THERIA,EUTHERIA,PRIMATES,Strepsirrhini ,Lemuriformes,,LEMURIDAE,,Eulemur, rubriventer,,,,Soamiera,
Eulemur rubriventer,79,,"(I. Geoffroy, 1850)",ANIMALIA,CHORDATA,VERTEBRATA,MAMMALIA,THERIA,EUTHERIA,PRIMATES,Strepsirrhini ,Lemuriformes,,LEMURIDAE,,Eulemur, rubriventer,,,,Kirioka,
Eulemur rubriventer,79,,"(I. Geoffroy, 1850)",ANIMALIA,CHORDATA,VERTEBRATA,MAMMALIA,THERIA,EUTHERIA,PRIMATES,Strepsirrhini ,Lemuriformes,,LEMURIDAE,,Eulemur, rubriventer,,,,Varikamena (Andasibe),
Eulemur mongoz,80,,"(Linnaeus, 1766)",ANIMALIA,CHORDATA,VERTEBRATA,MAMMALIA,THERIA,EUTHERIA,PRIMATES,Strepsirrhini ,Lemuriformes,,LEMURIDAE,,Eulemur,mongoz,,Mongooze lemur,Lémur mongoz,Dredrika,Komba
Eulemur mongoz,80,,"(Linnaeus, 1766)",ANIMALIA,CHORDATA,VERTEBRATA,MAMMALIA,THERIA,EUTHERIA,PRIMATES,Strepsirrhini ,Lemuriformes,,LEMURIDAE,,Eulemur,mongoz,,,,Gidro,
Varecia variegata variegata,81,,"(Kerr, 1792)",ANIMALIA,CHORDATA,VERTEBRATA,MAMMALIA,THERIA,EUTHERIA,PRIMATES,Strepsirrhini ,Lemuriformes,,LEMURIDAE,,Varecia, variegata,variegata,Variegated black-and-white ruffed lemur,Vari noir-et-blanc,Vary,
Varecia variegata variegata,81,,"(Kerr, 1792)",ANIMALIA,CHORDATA,VERTEBRATA,MAMMALIA,THERIA,EUTHERIA,PRIMATES,Strepsirrhini ,Lemuriformes,,LEMURIDAE,,Varecia, variegata,variegata,Pied black-and-white ruffed lemur,,Varikandana,
Varecia variegata variegata,81,,"(Kerr, 1792)",ANIMALIA,CHORDATA,VERTEBRATA,MAMMALIA,THERIA,EUTHERIA,PRIMATES,Strepsirrhini ,Lemuriformes,,LEMURIDAE,,Varecia, variegata,variegata,,,Varikandra,
Varecia variegata variegata,81,,"(Kerr, 1792)",ANIMALIA,CHORDATA,VERTEBRATA,MAMMALIA,THERIA,EUTHERIA,PRIMATES,Strepsirrhini ,Lemuriformes,,LEMURIDAE,,Varecia, variegata,variegata,,,Varijatsy,
Varecia variegata editorum,82,,"(Hill, 1953)",ANIMALIA,CHORDATA,VERTEBRATA,MAMMALIA,THERIA,EUTHERIA,PRIMATES,Strepsirrhini ,Lemuriformes,,LEMURIDAE,,Varecia,variegata,editorum,Southern black-and-white ruffed lemur,Vari noir-et-blanc de Hill,Vary,
Varecia variegata editorum,82,,"(Hill, 1953)",ANIMALIA,CHORDATA,VERTEBRATA,MAMMALIA,THERIA,EUTHERIA,PRIMATES,Strepsirrhini ,Lemuriformes,,LEMURIDAE,,Varecia,variegata,editorum,Hill's black-and-white ruffed lemur,,Varikandana,
Varecia variegata editorum,82,,"(Hill, 1953)",ANIMALIA,CHORDATA,VERTEBRATA,MAMMALIA,THERIA,EUTHERIA,PRIMATES,Strepsirrhini ,Lemuriformes,,LEMURIDAE,,Varecia,variegata,editorum,,,Varikandra,
Varecia variegata editorum,82,,"(Hill, 1953)",ANIMALIA,CHORDATA,VERTEBRATA,MAMMALIA,THERIA,EUTHERIA,PRIMATES,Strepsirrhini ,Lemuriformes,,LEMURIDAE,,Varecia,variegata,editorum,,,Varijatsy,
Varecia variegata subcincta,83,,"(A. Smith, 1833)",ANIMALIA,CHORDATA,VERTEBRATA,MAMMALIA,THERIA,EUTHERIA,PRIMATES,Strepsirrhini ,Lemuriformes,,LEMURIDAE,,Varecia,variegata,subcincta,Northern black-and-white ruffed lemur,Vari à ceinture,Vary,
Varecia variegata subcincta,83,,"(A. Smith, 1833)",ANIMALIA,CHORDATA,VERTEBRATA,MAMMALIA,THERIA,EUTHERIA,PRIMATES,Strepsirrhini ,Lemuriformes,,LEMURIDAE,,Varecia,variegata,subcincta,White-belted black-and-white ruffed lemur,,Varikandana,
Varecia variegata subcincta,83,,"(A. Smith, 1833)",ANIMALIA,CHORDATA,VERTEBRATA,MAMMALIA,THERIA,EUTHERIA,PRIMATES,Strepsirrhini ,Lemuriformes,,LEMURIDAE,,Varecia,variegata,subcincta,,,Varikandra,
Varecia variegata subcincta,83,,"(A. Smith, 1833)",ANIMALIA,CHORDATA,VERTEBRATA,MAMMALIA,THERIA,EUTHERIA,PRIMATES,Strepsirrhini ,Lemuriformes,,LEMURIDAE,,Varecia,variegata,subcincta,,,Varijatsy,
Varecia rubra,84,,"(E. Geoffroy, 1812)",ANIMALIA,CHORDATA,VERTEBRATA,MAMMALIA,THERIA,EUTHERIA,PRIMATES,Strepsirrhini ,Lemuriformes,,LEMURIDAE,,Varecia,rubra,,Red ruffed lemur,Vari roux,Varimena,
Varecia rubra,84,,"(E. Geoffroy, 1812)",ANIMALIA,CHORDATA,VERTEBRATA,MAMMALIA,THERIA,EUTHERIA,PRIMATES,Strepsirrhini ,Lemuriformes,,LEMURIDAE,,Varecia,rubra,,,,Varignena
Varecia rubra,84,,"(E. Geoffroy, 1812)",ANIMALIA,CHORDATA,VERTEBRATA,MAMMALIA,THERIA,EUTHERIA,PRIMATES,Strepsirrhini ,Lemuriformes,,LEMURIDAE,,Varecia,rubra,,,,Variniaina (Makira)
Avahi laniger,85,,"(Gmelin, 1788)",ANIMALIA,CHORDATA,VERTEBRATA,MAMMALIA,THERIA,EUTHERIA,PRIMATES,Strepsirrhini ,Lemuriformes,,INDRIIDAE,,Avahi,laniger,,Eastern woolly lemur,Avahi laineaux oriental,Fotsife
Avahi laniger,85,,"(Gmelin, 1788)",ANIMALIA,CHORDATA,VERTEBRATA,MAMMALIA,THERIA,EUTHERIA,PRIMATES,Strepsirrhini ,Lemuriformes,,INDRIIDAE,,Avahi,laniger,,Eastern avahi,,Ampongy
Avahi laniger,85,,"(Gmelin, 1788)",ANIMALIA,CHORDATA,VERTEBRATA,MAMMALIA,THERIA,EUTHERIA,PRIMATES,Strepsirrhini ,Lemuriformes,,INDRIIDAE,,Avahi,laniger,,Gmelin's woolly lemur,,Avahy
Avahi laniger,85,,"(Gmelin, 1788)",ANIMALIA,CHORDATA,VERTEBRATA,MAMMALIA,THERIA,EUTHERIA,PRIMATES,Strepsirrhini ,Lemuriformes,,INDRIIDAE,,Avahi,laniger,,,,Fotsifaka
Avahi mooreorum,86,,"Lei et al., 2008",ANIMALIA,CHORDATA,VERTEBRATA,MAMMALIA,THERIA,EUTHERIA,PRIMATES,Strepsirrhini ,Lemuriformes,,INDRIIDAE,,Avahi,mooreorum,,Masoala woolly lemur,Avahi de Moore,Fotsife
Avahi mooreorum,86,,"Lei et al., 2008",ANIMALIA,CHORDATA,VERTEBRATA,MAMMALIA,THERIA,EUTHERIA,PRIMATES,Strepsirrhini ,Lemuriformes,,INDRIIDAE,,Avahi,mooreorum,,Moore's woolly lemur,Avahi de Masoala,Ampongy
Avahi mooreorum,86,,"Lei et al., 2008",ANIMALIA,CHORDATA,VERTEBRATA,MAMMALIA,THERIA,EUTHERIA,PRIMATES,Strepsirrhini ,Lemuriformes,,INDRIIDAE,,Avahi,mooreorum,,,,Avahy
Avahi mooreorum,86,,"Lei et al., 2008",ANIMALIA,CHORDATA,VERTEBRATA,MAMMALIA,THERIA,EUTHERIA,PRIMATES,Strepsirrhini ,Lemuriformes,,INDRIIDAE,,Avahi,mooreorum,,,,Fotsifaka
Avahi peyrierasi,87,,"Zaramody et al., 2006",ANIMALIA,CHORDATA,VERTEBRATA,MAMMALIA,THERIA,EUTHERIA,PRIMATES,Strepsirrhini ,Lemuriformes,,INDRIIDAE,,Avahi,peyrierasi,,Peyrieras' woolly lemur,Avahi de Peyrieras,Fotsife
Avahi peyrierasi,87,,"Zaramody et al., 2006",ANIMALIA,CHORDATA,VERTEBRATA,MAMMALIA,THERIA,EUTHERIA,PRIMATES,Strepsirrhini ,Lemuriformes,,INDRIIDAE,,Avahi,peyrierasi,,,,Ampongy
Avahi peyrierasi,87,,"Zaramody et al., 2006",ANIMALIA,CHORDATA,VERTEBRATA,MAMMALIA,THERIA,EUTHERIA,PRIMATES,Strepsirrhini ,Lemuriformes,,INDRIIDAE,,Avahi,peyrierasi,,,,Avahy
Avahi peyrierasi,87,,"Zaramody et al., 2006",ANIMALIA,CHORDATA,VERTEBRATA,MAMMALIA,THERIA,EUTHERIA,PRIMATES,Strepsirrhini ,Lemuriformes,,INDRIIDAE,,Avahi,peyrierasi,,,,Fotsifaka
Avahi betsileo,88,,"Andriantompohavana et al., 2007",ANIMALIA,CHORDATA,VERTEBRATA,MAMMALIA,THERIA,EUTHERIA,PRIMATES,Strepsirrhini ,Lemuriformes,,INDRIIDAE,,Avahi,betsileo,,Betsileo woolly lemur,Avahi du betsileo,Fotsife
Avahi betsileo,88,,"Andriantompohavana et al., 2007",ANIMALIA,CHORDATA,VERTEBRATA,MAMMALIA,THERIA,EUTHERIA,PRIMATES,Strepsirrhini ,Lemuriformes,,INDRIIDAE,,Avahi,betsileo,,,,Ampongy
Avahi betsileo,88,,"Andriantompohavana et al., 2007",ANIMALIA,CHORDATA,VERTEBRATA,MAMMALIA,THERIA,EUTHERIA,PRIMATES,Strepsirrhini ,Lemuriformes,,INDRIIDAE,,Avahi,betsileo,,,,Avahy
Avahi betsileo,88,,"Andriantompohavana et al., 2007",ANIMALIA,CHORDATA,VERTEBRATA,MAMMALIA,THERIA,EUTHERIA,PRIMATES,Strepsirrhini ,Lemuriformes,,INDRIIDAE,,Avahi,betsileo,,,,Fotsifaka
Avahi ramanantsoavanai,89,,"Zaramody et al., 2006",ANIMALIA,CHORDATA,VERTEBRATA,MAMMALIA,THERIA,EUTHERIA,PRIMATES,Strepsirrhini ,Lemuriformes,,INDRIIDAE,,Avahi,ramanantsoavanai,,Manombo woolly lemur,Avahi de Manombo,Fotsife
Avahi ramanantsoavanai,89,,"Zaramody et al., 2006",ANIMALIA,CHORDATA,VERTEBRATA,MAMMALIA,THERIA,EUTHERIA,PRIMATES,Strepsirrhini ,Lemuriformes,,INDRIIDAE,,Avahi,ramanantsoavanai,,Ramanantsoavana's woolly lemur,Avahi de Ramanantsoavana,Ampongy
Avahi ramanantsoavanai,89,,"Zaramody et al., 2006",ANIMALIA,CHORDATA,VERTEBRATA,MAMMALIA,THERIA,EUTHERIA,PRIMATES,Strepsirrhini ,Lemuriformes,,INDRIIDAE,,Avahi,ramanantsoavanai,,,,Avahy
Avahi ramanantsoavanai,89,,"Zaramody et al., 2006",ANIMALIA,CHORDATA,VERTEBRATA,MAMMALIA,THERIA,EUTHERIA,PRIMATES,Strepsirrhini ,Lemuriformes,,INDRIIDAE,,Avahi,ramanantsoavanai,,,,Fotsifaka
Avahi meridionalis,90,,"Zaramody et al., 2006",ANIMALIA,CHORDATA,VERTEBRATA,MAMMALIA,THERIA,EUTHERIA,PRIMATES,Strepsirrhini ,Lemuriformes,,INDRIIDAE,,Avahi,meridionalis,,Southern woolly lemur,Avahi méridional,Fotsife
Avahi meridionalis,90,,"Zaramody et al., 2006",ANIMALIA,CHORDATA,VERTEBRATA,MAMMALIA,THERIA,EUTHERIA,PRIMATES,Strepsirrhini ,Lemuriformes,,INDRIIDAE,,Avahi,meridionalis,,Southern avahi,,Ampongy
Avahi meridionalis,90,,"Zaramody et al., 2006",ANIMALIA,CHORDATA,VERTEBRATA,MAMMALIA,THERIA,EUTHERIA,PRIMATES,Strepsirrhini ,Lemuriformes,,INDRIIDAE,,Avahi,meridionalis,,,,Avahy
Avahi meridionalis,90,,"Zaramody et al., 2006",ANIMALIA,CHORDATA,VERTEBRATA,MAMMALIA,THERIA,EUTHERIA,PRIMATES,Strepsirrhini ,Lemuriformes,,INDRIIDAE,,Avahi,meridionalis,,,,Fotsifaka
Avahi occidentalis,91,,"(Lorenz von liburnau, 1898)",ANIMALIA,CHORDATA,VERTEBRATA,MAMMALIA,THERIA,EUTHERIA,PRIMATES,Strepsirrhini ,Lemuriformes,,INDRIIDAE,,Avahi,occidentalis,,Western woolly lemur,Avahi occidental,Fotsife
Avahi occidentalis,91,,"(Lorenz von liburnau, 1898)",ANIMALIA,CHORDATA,VERTEBRATA,MAMMALIA,THERIA,EUTHERIA,PRIMATES,Strepsirrhini ,Lemuriformes,,INDRIIDAE,,Avahi,occidentalis,,Western avahi,,Tsarafangitra
Avahi cleesei,92,,"Thalmann and Geissmann, 2005",ANIMALIA,CHORDATA,VERTEBRATA,MAMMALIA,THERIA,EUTHERIA,PRIMATES,Strepsirrhini ,Lemuriformes,,INDRIIDAE,,Avahi,cleesei,,Bemaraha woolly lemur,Avahi de Cleese,Dadintsifaky
Avahi cleesei,92,,"Thalmann and Geissmann, 2005",ANIMALIA,CHORDATA,VERTEBRATA,MAMMALIA,THERIA,EUTHERIA,PRIMATES,Strepsirrhini ,Lemuriformes,,INDRIIDAE,,Avahi,cleesei,,Cleese's woolly lemur,Avahi du Bemaraha,
Avahi unicolor,93,,"Thalmann and Geissmann, 2005",ANIMALIA,CHORDATA,VERTEBRATA,MAMMALIA,THERIA,EUTHERIA,PRIMATES,Strepsirrhini ,Lemuriformes,,INDRIIDAE,,Avahi,unicolor,,Sambirano woolly lemur,Avahi du Sambirano,Fotsife
Avahi unicolor,93,,"Thalmann and Geissmann, 2005",ANIMALIA,CHORDATA,VERTEBRATA,MAMMALIA,THERIA,EUTHERIA,PRIMATES,Strepsirrhini ,Lemuriformes,,INDRIIDAE,,Avahi,unicolor,,Sambirano avahi,,
Avahi unicolor,93,,"Thalmann and Geissmann, 2005",ANIMALIA,CHORDATA,VERTEBRATA,MAMMALIA,THERIA,EUTHERIA,PRIMATES,Strepsirrhini ,Lemuriformes,,INDRIIDAE,,Avahi,unicolor,,Unicolor woolly lemur,,
Propithecus verreauxi,94,,"A. Grandidier, 1867",ANIMALIA,CHORDATA,VERTEBRATA,MAMMALIA,THERIA,EUTHERIA,PRIMATES,Strepsirrhini ,Lemuriformes,,INDRIIDAE,,Propithecus,verreauxi,,Verreaux's sifaka,Propithèque de Verreaux,Sifaka
Propithecus verreauxi,94,,"A. Grandidier, 1867",ANIMALIA,CHORDATA,VERTEBRATA,MAMMALIA,THERIA,EUTHERIA,PRIMATES,Strepsirrhini ,Lemuriformes,,INDRIIDAE,,Propithecus,verreauxi,,White sifaka,,Sifaka-bilany (Isalo)
Propithecus deckenii,95,,"Peters, 1870",ANIMALIA,CHORDATA,VERTEBRATA,MAMMALIA,THERIA,EUTHERIA,PRIMATES,Strepsirrhini ,Lemuriformes,,INDRIIDAE,,Propithecus,deckenii,,Decken's sifaka,Propithèque de von der Decken,Sifaka
Propithecus deckenii,95,,"Peters, 1870",ANIMALIA,CHORDATA,VERTEBRATA,MAMMALIA,THERIA,EUTHERIA,PRIMATES,Strepsirrhini ,Lemuriformes,,INDRIIDAE,,Propithecus,deckenii,,,,Tsibahaka
Propithecus coronatus,96,,"Milne-Edwards, 1871",ANIMALIA,CHORDATA,VERTEBRATA,MAMMALIA,THERIA,EUTHERIA,PRIMATES,Strepsirrhini ,Lemuriformes,,INDRIIDAE,,Propithecus,coronatus,,Crowned sifaka,Propithèque couronné,Sifaka
Propithecus coronatus,96,,"Milne-Edwards, 1871",ANIMALIA,CHORDATA,VERTEBRATA,MAMMALIA,THERIA,EUTHERIA,PRIMATES,Strepsirrhini ,Lemuriformes,,INDRIIDAE,,Propithecus,coronatus,,,,Tsibahaka
Propithecus coquereli,97,,"(A. Grandidier, 1867)",ANIMALIA,CHORDATA,VERTEBRATA,MAMMALIA,THERIA,EUTHERIA,PRIMATES,Strepsirrhini ,Lemuriformes,,INDRIIDAE,,Propithecus,coquereli,,Coquerel's sifaka,Propithèque de Coquerel,Sifaka
Propithecus coquereli,97,,"(A. Grandidier, 1867)",ANIMALIA,CHORDATA,VERTEBRATA,MAMMALIA,THERIA,EUTHERIA,PRIMATES,Strepsirrhini ,Lemuriformes,,INDRIIDAE,,Propithecus,coquereli,,,,Tsibahaka
Propithecus tattersalli,98,,"Simons, 1988",ANIMALIA,CHORDATA,VERTEBRATA,MAMMALIA,THERIA,EUTHERIA,PRIMATES,Strepsirrhini ,Lemuriformes,,INDRIIDAE,,Propithecus,tattersalli,,Tattersall's sifaka,Propithèque de Tattersall,Ankomba malandy
Propithecus tattersalli,98,,"Simons, 1988",ANIMALIA,CHORDATA,VERTEBRATA,MAMMALIA,THERIA,EUTHERIA,PRIMATES,Strepsirrhini ,Lemuriformes,,INDRIIDAE,,Propithecus,tattersalli,,Golden-crowned sifaka,,Simpona
Propithecus diadema,99,,"Bennett, 1832",ANIMALIA,CHORDATA,VERTEBRATA,MAMMALIA,THERIA,EUTHERIA,PRIMATES,Strepsirrhini ,Lemuriformes,,INDRIIDAE,,Propithecus,diadema,,Diademed sifaka,Propithèque à diadème,Simpona
Propithecus diadema,99,,"Bennett, 1832",ANIMALIA,CHORDATA,VERTEBRATA,MAMMALIA,THERIA,EUTHERIA,PRIMATES,Strepsirrhini ,Lemuriformes,,INDRIIDAE,,Propithecus,diadema,,Diademed simpona,,Simpony
Propithecus diadema,99,,"Bennett, 1832",ANIMALIA,CHORDATA,VERTEBRATA,MAMMALIA,THERIA,EUTHERIA,PRIMATES,Strepsirrhini ,Lemuriformes,,INDRIIDAE,,Propithecus,diadema,,,,Sadabe (Tsinjoarivo)
Propithecus edwardsi,100,,"A. Grandidier, 1871",ANIMALIA,CHORDATA,VERTEBRATA,MAMMALIA,THERIA,EUTHERIA,PRIMATES,Strepsirrhini ,Lemuriformes,,INDRIIDAE,,Propithecus,edwardsi,,Milne-Edwards' sifaka,Propithèque de Miln-Edwards,Simpona
Propithecus edwardsi,100,,"A. Grandidier, 1871",ANIMALIA,CHORDATA,VERTEBRATA,MAMMALIA,THERIA,EUTHERIA,PRIMATES,Strepsirrhini ,Lemuriformes,,INDRIIDAE,,Propithecus,edwardsi,,Milne-Edwards' simpona,,Simpony
Propithecus candidus,101,,"A. Grandidier, 1871",ANIMALIA,CHORDATA,VERTEBRATA,MAMMALIA,THERIA,EUTHERIA,PRIMATES,Strepsirrhini ,Lemuriformes,,INDRIIDAE,,Propithecus,candidus,,Silky sifaka,Propithèque soyeux,Simpona
Propithecus candidus,101,,"A. Grandidier, 1871",ANIMALIA,CHORDATA,VERTEBRATA,MAMMALIA,THERIA,EUTHERIA,PRIMATES,Strepsirrhini ,Lemuriformes,,INDRIIDAE,,Propithecus,candidus,,Silky simpona,,Simpona fotsy
Propithecus candidus,101,,"A. Grandidier, 1871",ANIMALIA,CHORDATA,VERTEBRATA,MAMMALIA,THERIA,EUTHERIA,PRIMATES,Strepsirrhini ,Lemuriformes,,INDRIIDAE,,Propithecus,candidus,,,,Simpony
Propithecus perrieri,102,,"Lavauden, 1931",ANIMALIA,CHORDATA,VERTEBRATA,MAMMALIA,THERIA,EUTHERIA,PRIMATES,Strepsirrhini ,Lemuriformes,,INDRIIDAE,,Propithecus,perrieri,,Perrieri's sifaka,Propithèque de Perrier,Radjako
Propithecus perrieri,102,,"Lavauden, 1932",ANIMALIA,CHORDATA,VERTEBRATA,MAMMALIA,THERIA,EUTHERIA,PRIMATES,Strepsirrhini ,Lemuriformes,,INDRIIDAE,,Propithecus,perrieri,,,,Ankomba joby
Indri indri,103,,"(Gmelin, 1788)",ANIMALIA,CHORDATA,VERTEBRATA,MAMMALIA,THERIA,EUTHERIA,PRIMATES,Strepsirrhini ,Lemuriformes,,INDRIIDAE,,Indri,indri,,Indri,Indri,Babakoto
Indri indri,103,,"(Gmelin, 1788)",ANIMALIA,CHORDATA,VERTEBRATA,MAMMALIA,THERIA,EUTHERIA,PRIMATES,Strepsirrhini ,Lemuriformes,,INDRIIDAE,,Indri,indri,,,,Indry (Mananara)
Indri indri,103,,"(Gmelin, 1788)",ANIMALIA,CHORDATA,VERTEBRATA,MAMMALIA,THERIA,EUTHERIA,PRIMATES,Strepsirrhini ,Lemuriformes,,INDRIIDAE,,Indri,indri,,,,Endrina
Indri indri,103,,"(Gmelin, 1788)",ANIMALIA,CHORDATA,VERTEBRATA,MAMMALIA,THERIA,EUTHERIA,PRIMATES,Strepsirrhini ,Lemuriformes,,INDRIIDAE,,Indri,indri,,,,Amboanala
Daubentonia madagascariensis,104,,"(Gmelin, 1788)",ANIMALIA,CHORDATA,VERTEBRATA,MAMMALIA,THERIA,EUTHERIA,PRIMATES,Strepsirrhini ,Lemuriformes,,DAUBENTONIIDAE,,Daubentonia ,madagascariensis,,Aye-aye,Aye-aye,Hay-hay
Daubentonia madagascariensis,104,,"(Gmelin, 1788)",ANIMALIA,CHORDATA,VERTEBRATA,MAMMALIA,THERIA,EUTHERIA,PRIMATES,Strepsirrhini ,Lemuriformes,,DAUBENTONIIDAE,,Daubentonia ,madagascariensis,,,,Ahay
Daubentonia madagascariensis,104,,"(Gmelin, 1788)",ANIMALIA,CHORDATA,VERTEBRATA,MAMMALIA,THERIA,EUTHERIA,PRIMATES,Strepsirrhini ,Lemuriformes,,DAUBENTONIIDAE,,Daubentonia ,madagascariensis,,,,Aiay
Daubentonia madagascariensis,104,,"(Gmelin, 1788)",ANIMALIA,CHORDATA,VERTEBRATA,MAMMALIA,THERIA,EUTHERIA,PRIMATES,Strepsirrhini ,Lemuriformes,,DAUBENTONIIDAE,,Daubentonia ,madagascariensis,,,,Bekapaky (Bemaraha)
Daubentonia madagascariensis,104,,"(Gmelin, 1788)",ANIMALIA,CHORDATA,VERTEBRATA,MAMMALIA,THERIA,EUTHERIA,PRIMATES,Strepsirrhini ,Lemuriformes,,DAUBENTONIIDAE,,Daubentonia ,madagascariensis,,,,Karakapaky (Namoroka)
Daubentonia madagascariensis,104,,"(Gmelin, 1788)",ANIMALIA,CHORDATA,VERTEBRATA,MAMMALIA,THERIA,EUTHERIA,PRIMATES,Strepsirrhini ,Lemuriformes,,DAUBENTONIIDAE,,Daubentonia ,madagascariensis,,,,Fagnà (Marolambo)
